7,29,60,1,1,0,1,21,4,0.42857142857142855,0.0,4
6,26,46,0,0,1,0,18,0,0.0,0.0,0
5,25,40,0,0,2,0,15,3,0.4,0.0,3
4,12,22,0,0,0,0,12,4,0.75,0.0,0
3,11,15,0,0,0,0,9,0,0.0,0.0,3
2,12,14,0,0,1,0,6,2,0.5,0.5,0
1,2,2,0,0,0,0,3,1,0.0,0.0,0
1,13,13,0,1,0,0,3,0,0.0,0.0,1
2,16,16,0,1,0,0,6,2,0.0,0.5,0
3,24,24,0,0,0,1,9,2,0.3333333333333333,0.0,2
4,19,38,0,0,0,1,12,0,0.0,0.0,1
5,22,36,0,0,1,0,15,4,0.4,0.6,0
6,22,50,1,0,1,1,18,1,0.0,0.0,1
7,25,59,0,1,0,2,21,0,0.0,0.0,1
7,26,64,0,1,1,1,21,6,0.14285714285714285,0.7142857142857143,2
6,19,37,0,1,1,0,18,2,0.16666666666666666,0.0,1
5,21,43,1,0,1,0,15,0,0.0,0.0,0
4,19,31,0,0,2,0,12,4,0.25,1.25,1
3,12,28,0,0,1,0,9,3,1.6666666666666667,0.0,0
2,11,19,0,0,0,1,6,0,0.0,0.0,0
1,13,13,0,1,0,0,3,1,1.0,1.0,0
1,6,6,0,0,0,0,3,1,1.0,0.0,0
2,23,23,0,0,1,1,6,0,0.0,0.0,2
3,22,29,0,1,0,0,9,3,1.3333333333333333,0.3333333333333333,1
4,24,36,0,0,1,1,12,2,0.25,0.0,4
5,19,48,0,1,0,1,15,0,0.0,0.0,2
6,29,48,1,0,1,0,18,3,0.16666666666666666,0.3333333333333333,6
7,24,54,0,1,0,0,21,4,0.42857142857142855,0.0,2
7,20,62,0,0,3,1,21,0,0.0,0.0,3
6,24,47,0,0,1,1,18,5,0.16666666666666666,0.6666666666666666,1
5,13,43,0,0,0,1,15,5,0.8,0.0,2
4,22,37,0,0,2,0,12,0,0.0,0.0,1
3,21,25,0,0,1,0,9,2,0.3333333333333333,0.3333333333333333,3
2,10,13,0,0,0,0,6,2,0.5,0.0,0
1,14,14,1,0,0,0,3,0,0.0,0.0,1
1,12,12,0,0,1,0,3,1,1.0,1.0,0
2,13,19,0,1,0,0,6,2,0.5,0.0,0
3,12,29,0,0,1,0,9,0,0.0,0.0,0
4,24,39,0,1,0,2,12,2,0.25,0.25,1
5,16,30,0,0,0,0,15,2,0.2,0.0,0
6,18,50,0,1,0,1,18,0,0.0,0.0,2
7,33,60,1,0,1,1,21,7,0.14285714285714285,0.8571428571428571,2
7,26,54,0,1,0,1,21,6,0.7142857142857143,0.0,1
6,32,46,1,0,0,0,18,0,0.0,0.0,1
5,15,33,0,0,0,1,15,4,0.2,0.6,0
4,7,26,0,0,0,0,12,2,0.25,0.0,0
3,14,23,1,0,0,0,9,0,0.0,0.0,0
2,9,18,0,0,0,0,6,2,0.5,0.5,1
1,12,12,0,0,1,0,3,1,1.0,0.0,1
1,9,9,0,0,0,0,3,0,0.0,0.0,1
2,25,25,0,1,1,0,6,2,0.5,0.5,0
3,23,25,1,0,0,0,9,2,0.3333333333333333,0.0,0
4,27,46,1,1,1,0,12,0,0.0,0.0,3
5,13,32,0,1,0,0,15,5,0.2,0.8,2
6,31,52,1,0,1,1,18,6,0.8333333333333334,0.0,1
7,28,44,0,0,0,1,21,0,0.0,0.0,2
7,32,68,2,1,0,0,21,5,0.14285714285714285,0.5714285714285714,2
6,24,46,1,0,0,1,18,5,0.6666666666666666,0.0,1
5,23,42,1,0,0,1,15,0,0.0,0.0,2
4,14,33,1,0,0,1,12,2,0.25,0.25,1
3,22,31,0,1,0,0,9,2,0.3333333333333333,0.0,2
2,10,17,0,0,0,0,6,0,0.0,0.0,2
1,9,9,0,0,0,0,3,1,1.0,1.0,0
1,3,3,0,0,0,0,3,1,1.0,0.0,0
2,8,13,0,0,0,0,6,0,0.0,0.0,0
3,11,29,0,0,0,1,9,3,0.3333333333333333,0.6666666666666666,1
4,15,36,0,0,1,0,12,4,1.0,0.0,2
5,33,35,0,0,1,1,15,0,0.0,0.0,3
6,25,48,0,0,1,2,18,5,0.16666666666666666,0.6666666666666666,0
7,23,49,0,0,1,1,21,5,0.5714285714285714,0.0,1
7,39,63,1,0,0,2,21,0,0.0,0.0,2
6,21,35,0,1,0,0,18,5,0.16666666666666666,0.6666666666666666,1
5,16,46,0,0,1,0,15,2,0.2,0.0,3
4,12,27,0,0,1,0,12,0,0.0,0.0,0
3,13,29,0,1,0,1,9,3,0.3333333333333333,1.0,1
2,13,16,0,1,0,0,6,2,0.5,0.0,2
1,12,12,0,0,1,0,3,0,0.0,0.0,1
1,2,2,0,0,0,0,3,1,1.0,1.0,0
2,10,10,0,0,0,0,6,2,0.5,0.0,0
3,15,19,0,0,0,0,9,0,0.0,0.0,0
4,14,35,0,0,0,1,12,3,0.25,0.5,1
5,18,39,0,1,0,0,15,2,0.2,0.0,2
6,35,74,2,1,1,1,18,0,0.0,0.0,5
7,18,50,0,1,0,1,21,2,0.14285714285714285,0.14285714285714285,2
7,21,44,0,0,0,2,21,6,0.7142857142857143,0.0,1
6,27,45,1,1,0,0,18,0,0.0,0.0,1
5,19,32,0,0,0,0,15,5,0.4,1.0,0
4,13,35,0,1,1,0,12,2,0.25,0.0,2
3,13,29,0,1,0,1,9,0,0.0,0.0,1
2,13,22,0,1,0,0,6,2,0.5,0.5,0
1,11,11,0,0,0,1,3,1,1.0,0.0,0
1,12,12,0,0,1,0,3,0,0.0,0.0,0
2,13,13,0,0,0,0,6,2,0.5,0.5,0
3,14,17,0,0,0,0,9,2,0.3333333333333333,0.0,0
4,15,30,0,0,1,1,12,0,0.0,0.0,2
5,24,44,1,1,0,0,15,2,0.2,0.2,4
6,15,36,0,0,0,1,18,5,0.6666666666666666,0.0,1
7,21,47,0,1,0,1,21,0,0.0,0.0,2
7,30,63,0,1,1,0,21,4,0.14285714285714285,0.42857142857142855,3
6,15,42,0,0,0,2,18,5,0.6666666666666666,0.0,2
5,27,49,0,1,1,0,15,0,0.0,0.0,5
4,12,23,0,0,1,0,12,2,0.25,0.25,0
3,6,8,0,0,0,0,9,3,1.3333333333333333,0.0,0
2,13,18,0,1,0,0,6,0,0.0,0.0,1
1,2,2,0,0,0,0,3,1,1.0,1.0,0
1,10,10,0,0,0,0,3,1,1.0,0.0,0
2,14,27,1,1,0,0,6,0,0.0,0.0,2
3,14,24,1,0,0,0,9,2,0.3333333333333333,0.3333333333333333,1
4,21,39,0,0,1,0,12,3,0.5,0.0,2
5,12,33,0,0,0,1,15,0,0.0,0.0,0
6,18,46,0,1,0,1,18,4,0.16666666666666666,0.5,2
7,26,56,0,1,0,1,21,6,0.7142857142857143,0.0,2
7,42,65,0,0,2,2,21,0,0.0,0.0,6
6,24,58,1,0,0,2,18,6,0.16666666666666666,0.8333333333333334,2
5,26,37,1,0,0,1,15,2,0.2,0.0,3
4,22,34,0,0,1,0,12,0,0.0,0.0,3
3,13,27,0,1,0,0,9,2,0.3333333333333333,0.3333333333333333,1
2,25,25,0,1,1,0,6,2,0.5,0.0,0
1,5,5,0,0,0,0,3,0,0.0,0.0,1
1,9,9,0,0,0,0,3,1,1.0,1.0,1
2,9,16,0,0,0,0,6,2,1.0,0.0,0
3,15,15,0,0,0,0,9,0,0.0,0.0,0
4,14,32,0,1,0,0,12,4,0.25,1.25,0
5,15,39,1,0,0,1,15,2,0.2,0.0,0
6,28,52,1,0,0,1,18,0,0.0,0.0,1
7,34,75,2,2,0,1,21,6,0.7142857142857143,0.2857142857142857,2
7,18,49,0,1,1,0,21,5,0.5714285714285714,0.0,2
6,29,58,1,0,1,0,18,0,0.0,0.0,3
5,33,46,0,1,1,0,15,4,0.2,0.6,2
4,22,37,1,0,1,0,12,4,0.75,0.0,0
3,12,18,0,0,1,0,9,0,0.0,0.0,0
2,5,7,0,0,0,0,6,2,0.5,0.5,0
1,9,9,0,0,0,0,3,1,1.0,0.0,0
1,5,5,0,0,0,0,3,0,0.0,0.0,1
2,10,16,0,0,0,0,6,2,0.5,1.0,0
3,21,29,0,0,1,0,9,2,0.3333333333333333,0.0,2
4,25,41,0,1,1,1,12,0,0.0,0.0,2
5,23,49,0,1,1,0,15,5,0.2,1.0,0
6,21,59,0,1,1,1,18,2,0.16666666666666666,0.0,2
7,23,58,1,0,0,0,21,0,0.0,0.0,4
7,24,61,1,1,0,1,21,6,0.2857142857142857,0.7142857142857143,2
6,14,44,1,0,0,1,18,2,0.16666666666666666,0.0,2
5,27,36,0,0,0,1,15,0,0.0,0.0,1
4,16,31,0,0,1,1,12,3,0.25,0.5,2
3,13,25,0,0,1,0,9,3,0.6666666666666666,0.0,1
2,10,13,0,0,0,0,6,0,0.0,0.0,2
1,8,8,0,0,0,0,3,1,1.0,1.0,0
1,8,8,0,0,0,0,3,1,1.0,0.0,0
2,12,21,0,0,1,0,6,0,0.0,0.0,0
3,12,22,0,0,1,0,9,3,0.6666666666666666,0.3333333333333333,0
4,25,28,0,0,1,0,12,2,0.25,0.0,0
5,13,38,0,1,0,0,15,0,0.0,0.0,2
6,20,47,1,1,0,0,18,4,0.16666666666666666,0.5,1
7,32,61,0,1,1,1,21,6,0.7142857142857143,0.0,1
7,22,52,0,1,1,0,21,0,0.0,0.0,3
6,24,51,1,0,0,0,18,4,0.16666666666666666,0.5,3
5,13,34,0,1,0,0,15,5,0.8,0.0,0
4,12,29,0,0,1,1,12,0,0.0,0.0,0
3,8,16,0,0,0,0,9,3,0.3333333333333333,0.6666666666666666,0
2,3,6,0,0,0,0,6,2,0.5,0.0,0
1,5,5,0,0,0,0,3,0,0.0,0.0,1
1,4,4,0,0,0,0,3,1,1.0,1.0,0
2,6,8,0,0,0,0,6,2,0.5,0.0,0
3,23,27,0,1,0,0,9,0,0.0,0.0,1
4,32,42,0,1,0,0,12,4,0.25,0.75,0
5,21,38,1,0,0,1,15,2,0.2,0.0,0
6,29,50,0,0,2,0,18,0,0.0,0.0,1
7,25,60,0,0,1,2,21,5,0.14285714285714285,0.5714285714285714,1
7,29,54,0,0,2,0,21,6,0.7142857142857143,0.0,2
6,17,48,0,0,0,0,18,0,0.0,0.0,1
5,18,39,0,1,0,1,15,4,0.2,0.6,2
4,23,35,1,0,0,0,12,2,0.25,0.0,2
3,14,25,1,0,0,0,9,0,0.0,0.0,0
2,11,16,0,0,0,1,6,2,0.5,1.0,0
1,4,4,0,0,0,0,3,1,1.0,0.0,0
1,5,5,0,0,0,0,3,0,0.0,0.0,1
2,7,14,0,0,0,0,6,2,0.5,0.5,0
3,6,11,0,0,0,0,9,3,0.6666666666666666,0.0,0
4,10,14,0,0,0,0,12,0,0.0,0.0,0
5,15,33,0,0,1,0,15,3,0.4,0.2,2
6,23,43,0,0,1,1,18,6,0.8333333333333334,0.0,1
7,20,67,2,1,0,1,21,0,0.0,0.0,2
7,22,65,0,2,0,0,21,5,0.14285714285714285,0.5714285714285714,4
6,35,51,1,1,0,0,18,2,0.16666666666666666,0.0,3
5,23,35,0,1,0,0,15,0,0.0,0.0,0
4,12,23,0,0,0,0,12,3,0.25,0.5,0
3,5,13,0,0,0,0,9,2,0.3333333333333333,0.0,0
2,8,14,0,0,0,0,6,0,0.0,0.0,2
1,4,4,0,0,0,0,3,1,1.0,1.0,0
1,6,6,0,0,0,0,3,1,1.0,0.0,0
2,11,17,0,0,0,1,6,0,0.0,0.0,1
3,23,34,0,1,0,1,9,3,0.3333333333333333,0.6666666666666666,2
4,13,27,0,1,0,0,12,2,0.25,0.0,0
5,28,46,0,0,2,0,15,0,0.0,0.0,4
6,22,46,1,0,0,1,18,4,0.16666666666666666,0.5,1
7,15,44,0,0,0,0,21,6,0.7142857142857143,0.0,0
7,25,54,1,0,0,2,21,0,0.0,0.0,2
6,24,50,0,0,1,0,18,4,0.16666666666666666,0.5,0
5,17,38,0,1,0,0,15,2,0.2,0.0,3
4,14,34,0,0,1,0,12,0,0.0,0.0,2
3,9,18,0,0,0,0,9,2,0.3333333333333333,0.3333333333333333,1
2,8,12,0,0,0,0,6,2,0.5,0.0,0
1,2,2,0,0,0,0,3,0,0.0,0.0,0
1,11,11,0,0,0,1,3,1,1.0,1.0,1
2,14,27,1,1,0,0,6,2,0.5,0.0,2
3,13,29,0,1,1,0,9,0,0.0,0.0,2
4,8,22,0,0,0,0,12,2,0.25,0.25,1
5,11,30,0,0,0,1,15,2,0.2,0.0,2
6,21,49,0,0,1,0,18,0,0.0,0.0,4
7,24,55,1,0,1,1,21,6,0.14285714285714285,0.7142857142857143,1
7,29,64,0,0,2,0,21,2,0.14285714285714285,0.0,4
6,32,54,0,1,0,1,18,0,0.0,0.0,3
5,24,45,0,1,0,2,15,3,0.4,0.2,3
4,24,47,0,2,0,1,12,2,0.25,0.0,4
3,6,8,0,0,0,0,9,0,0.0,0.0,0
2,3,5,0,0,0,0,6,2,0.5,0.5,0
1,11,11,0,0,0,1,3,1,1.0,0.0,0
1,11,11,0,0,0,1,3,0,0.0,0.0,0
2,13,24,0,1,0,1,6,2,0.5,0.5,1
3,25,27,0,1,1,0,9,2,0.3333333333333333,0.0,2
4,22,25,0,0,0,1,12,0,0.0,0.0,0
5,17,45,2,0,0,1,15,3,0.2,0.4,1
6,26,60,2,0,2,0,18,5,0.6666666666666666,0.0,2
7,17,45,0,1,0,0,21,0,0.0,0.0,1
7,24,59,1,1,0,1,21,4,0.14285714285714285,0.42857142857142855,1
6,18,44,0,0,1,0,18,2,0.16666666666666666,0.0,1
5,22,43,0,0,0,2,15,0,0.0,0.0,5
4,22,27,0,0,1,0,12,3,0.25,0.5,0
3,18,30,0,1,1,0,9,2,0.3333333333333333,0.0,3
2,11,14,0,0,0,1,6,0,0.0,0.0,2
1,5,5,0,0,0,0,3,1,1.0,1.0,1
1,4,4,0,0,0,0,3,1,1.0,0.0,0
2,12,22,0,0,1,0,6,0,0.0,0.0,2
3,20,20,0,0,1,0,9,3,0.3333333333333333,0.6666666666666666,0
4,15,33,0,1,0,0,12,2,0.25,0.0,1
5,36,55,1,1,0,0,15,0,0.0,0.0,4
6,12,31,0,0,0,0,18,3,0.16666666666666666,0.3333333333333333,1
7,18,41,0,0,0,0,21,5,0.5714285714285714,0.0,0
7,27,52,1,0,0,1,21,0,0.0,0.0,2
6,24,53,1,0,1,0,18,6,0.16666666666666666,0.8333333333333334,2
5,17,39,0,0,1,0,15,2,0.2,0.0,1
4,23,43,0,1,0,1,12,0,0.0,0.0,2
3,16,20,0,0,0,0,9,3,0.3333333333333333,0.6666666666666666,1
2,10,19,0,0,0,0,6,2,0.5,0.0,0
1,7,7,0,0,0,0,3,0,0.0,0.0,0
1,13,13,0,1,0,0,3,1,1.0,1.0,0
2,9,14,0,0,0,0,6,2,0.5,0.0,0
3,22,22,0,0,0,0,9,0,0.0,0.0,0
4,11,16,0,0,0,0,12,3,0.25,0.5,0
5,26,37,0,0,0,1,15,2,0.2,0.0,0
6,20,48,2,0,0,0,18,0,0.0,0.0,1
7,21,48,1,0,1,0,21,4,0.42857142857142855,0.42857142857142855,0
7,24,53,0,0,2,0,21,2,0.14285714285714285,0.0,0
6,24,46,1,0,0,0,18,0,0.0,0.0,1
5,41,44,1,1,0,0,15,4,0.2,0.6,0
4,22,31,0,1,0,0,12,4,0.75,0.0,0
3,11,27,0,0,0,2,9,0,0.0,0.0,0
2,10,12,0,0,0,0,6,2,0.5,0.5,0
1,9,9,0,0,0,0,3,1,1.0,0.0,0
1,3,3,0,0,0,0,3,0,0.0,0.0,1
2,8,10,0,0,0,0,6,2,0.5,0.5,0
3,12,20,0,0,0,0,9,2,0.3333333333333333,0.0,1
4,15,31,0,0,1,1,12,0,0.0,0.0,1
5,15,29,0,0,0,1,15,4,0.6,0.4,0
6,23,40,0,1,1,0,18,3,0.3333333333333333,0.0,4
7,25,49,0,0,0,2,21,0,0.0,0.0,2
7,34,63,1,1,1,0,21,5,0.14285714285714285,0.5714285714285714,2
6,36,64,1,2,0,0,18,2,0.16666666666666666,0.0,6
5,20,39,1,1,0,0,15,0,0.0,0.0,2
4,8,15,0,0,0,0,12,4,0.25,0.75,0
3,12,33,0,0,2,0,9,2,0.3333333333333333,0.0,0
2,9,13,0,0,0,0,6,0,0.0,0.0,0
1,14,14,1,0,0,0,3,1,1.0,1.0,0
1,6,6,0,0,0,0,3,1,1.0,0.0,0
2,12,12,0,0,0,0,6,0,0.0,0.0,1
3,14,22,1,0,0,0,9,3,0.3333333333333333,0.6666666666666666,0
4,11,22,0,0,0,0,12,2,0.25,0.0,0
5,16,40,0,0,1,0,15,0,0.0,0.0,2
6,21,38,0,0,0,1,18,4,0.16666666666666666,0.5,0
7,34,62,1,0,0,1,21,4,0.42857142857142855,0.0,3
7,22,62,1,0,0,2,21,0,0.0,0.0,2
6,25,54,0,1,1,2,18,4,0.16666666666666666,0.5,2
5,26,46,0,1,0,1,15,3,0.4,0.0,2
4,14,32,1,0,0,0,12,0,0.0,0.0,1
3,16,16,0,0,0,0,9,3,0.3333333333333333,0.6666666666666666,0
2,14,20,1,0,0,0,6,2,0.5,0.0,0
1,11,11,0,0,0,1,3,0,0.0,0.0,1
1,12,12,0,0,1,0,3,1,1.0,1.0,0
2,20,20,0,1,0,0,6,2,0.5,0.0,0
3,6,11,0,0,0,0,9,0,0.0,0.0,0
4,12,25,0,0,0,0,12,3,0.5,0.5,0
5,17,43,0,2,0,0,15,2,0.2,0.0,2
6,27,43,1,0,1,0,18,0,0.0,0.0,1
7,25,54,1,0,1,0,21,6,0.14285714285714285,0.7142857142857143,1
7,22,70,2,1,0,0,21,2,0.14285714285714285,0.0,3
6,17,47,0,1,1,0,18,0,0.0,0.0,0
5,29,53,1,0,1,0,15,4,0.2,0.6,0
4,8,21,0,0,0,0,12,3,0.5,0.0,2
3,11,13,0,0,0,0,9,0,0.0,0.0,0
2,13,26,0,2,0,0,6,2,1.0,0.5,2
1,7,7,0,0,0,0,3,1,1.0,0.0,0
1,14,14,1,0,0,0,3,0,0.0,0.0,1
2,5,8,0,0,0,0,6,2,0.5,1.0,1
3,14,25,0,0,0,1,9,2,0.3333333333333333,0.0,2
4,23,32,0,0,1,1,12,0,0.0,0.0,0
5,18,40,0,1,0,0,15,4,0.2,0.6,2
6,30,53,0,1,1,1,18,2,0.16666666666666666,0.0,4
7,17,44,0,1,0,0,21,0,0.0,0.0,1
7,24,58,1,1,0,1,21,4,0.2857142857142857,0.42857142857142855,3
6,19,41,1,0,0,0,18,2,0.16666666666666666,0.0,1
5,31,40,1,1,0,0,15,0,0.0,0.0,2
4,11,31,0,0,0,1,12,3,0.25,0.5,1
3,10,12,0,0,0,0,9,2,0.3333333333333333,0.0,0
2,9,12,0,0,0,0,6,0,0.0,0.0,1
1,5,5,0,0,0,0,3,1,1.0,1.0,0
1,13,13,0,1,0,0,3,1,1.0,0.0,1
2,13,22,0,1,0,0,6,0,0.0,0.0,1
3,16,20,0,0,0,1,9,2,0.3333333333333333,0.3333333333333333,1
4,19,39,1,0,0,1,12,2,0.25,0.0,2
5,22,46,1,0,1,0,15,0,0.0,0.0,3
6,20,43,0,0,1,0,18,6,0.16666666666666666,1.0,0
7,29,59,1,0,1,1,21,5,0.5714285714285714,0.0,3
7,25,39,0,0,1,0,21,0,0.0,0.0,3
6,18,43,1,0,0,0,18,5,0.16666666666666666,0.6666666666666666,0
5,27,51,1,1,0,0,15,3,0.4,0.0,2
4,18,24,0,0,1,0,12,0,0.0,0.0,2
3,11,13,0,0,0,0,9,3,0.3333333333333333,0.6666666666666666,0
2,13,17,0,1,0,0,6,2,0.5,0.0,0
1,4,4,0,0,0,0,3,0,0.0,0.0,1
1,3,3,0,0,0,0,3,1,1.0,1.0,0
2,23,23,0,1,0,0,6,2,0.5,0.0,2
3,16,23,0,0,1,0,9,0,0.0,0.0,0
4,21,42,0,0,1,1,12,3,0.25,0.5,0
5,15,43,0,2,0,0,15,2,0.2,0.0,3
6,12,39,0,0,0,1,18,0,0.0,0.0,2
7,40,61,2,0,0,1,21,5,0.2857142857142857,0.5714285714285714,0
7,20,67,3,1,0,0,21,2,0.14285714285714285,0.0,4
6,18,47,1,0,0,0,18,0,0.0,0.0,1
5,18,25,0,0,0,0,15,4,0.2,0.6,0
4,19,38,0,0,0,0,12,2,0.25,0.0,4
3,17,26,0,0,0,1,9,0,0.0,0.0,0
2,12,21,0,0,1,0,6,2,0.5,0.5,0
1,6,6,0,0,0,0,3,1,1.0,0.0,1
1,4,4,0,0,0,0,3,0,0.0,0.0,1
2,12,21,0,0,1,0,6,2,0.5,0.5,0
3,15,23,0,0,0,1,9,2,0.3333333333333333,0.0,2
4,19,35,1,0,0,0,12,0,0.0,0.0,2
5,15,45,0,2,0,1,15,2,0.2,0.2,4
6,18,43,0,0,0,1,18,2,0.16666666666666666,0.0,2
7,34,77,1,1,0,3,21,0,0.0,0.0,3
7,24,62,1,1,1,0,21,7,0.14285714285714285,0.8571428571428571,3
6,26,58,1,1,0,0,18,3,0.3333333333333333,0.0,3
5,14,49,0,2,0,1,15,0,0.0,0.0,0
4,15,35,0,1,1,0,12,4,0.25,0.75,0
3,18,30,0,0,1,1,9,2,0.3333333333333333,0.0,2
2,4,8,0,0,0,0,6,0,0.0,0.0,0
1,6,6,0,0,0,0,3,1,1.0,1.0,0
1,4,4,0,0,0,0,3,1,1.0,0.0,1
2,13,18,0,1,0,0,6,0,0.0,0.0,1
3,14,32,1,1,0,0,9,2,0.3333333333333333,0.3333333333333333,1
4,24,36,1,0,0,0,12,3,0.5,0.0,1
5,20,43,1,0,0,1,15,0,0.0,0.0,1
6,17,41,0,0,0,0,18,3,0.16666666666666666,0.3333333333333333,1
7,20,54,1,0,0,0,21,2,0.14285714285714285,0.0,1
7,19,63,2,1,0,0,21,0,0.0,0.0,2
6,25,44,0,1,0,0,18,2,0.16666666666666666,0.16666666666666666,3
5,21,45,0,0,1,0,15,2,0.2,0.0,3
4,13,28,0,0,0,0,12,0,0.0,0.0,1
3,12,31,0,0,1,1,9,3,0.3333333333333333,0.6666666666666666,1
2,10,18,0,0,0,0,6,2,0.5,0.0,0
1,14,14,1,0,0,0,3,0,0.0,0.0,1
1,10,10,0,0,0,0,3,1,1.0,1.0,0
2,12,15,0,0,1,0,6,2,0.5,0.0,2
3,9,14,0,0,0,0,9,0,0.0,0.0,0
4,19,25,0,1,0,0,12,4,0.25,0.75,0
5,23,44,1,0,0,0,15,2,0.2,0.0,0
6,25,57,1,1,1,0,18,0,0.0,0.0,3
7,27,55,0,0,2,0,21,6,0.7142857142857143,0.14285714285714285,2
7,36,53,0,1,0,0,21,3,0.2857142857142857,0.0,0
6,28,48,0,0,1,0,18,0,0.0,0.0,3
5,16,40,0,1,1,0,15,4,0.2,0.6,2
4,21,24,0,0,0,0,12,2,0.25,0.0,1
3,16,28,0,0,2,0,9,0,0.0,0.0,1
2,13,21,0,1,0,0,6,2,0.5,0.5,0
1,7,7,0,0,0,0,3,1,1.0,0.0,0
1,8,8,0,0,0,0,3,0,0.0,0.0,1
2,8,11,0,0,0,0,6,2,0.5,1.0,0
3,9,19,0,0,0,0,9,3,0.6666666666666666,0.0,0
4,23,36,0,0,1,1,12,0,0.0,0.0,1
5,19,54,1,0,0,2,15,3,0.2,0.4,3
6,16,42,0,1,0,0,18,2,0.16666666666666666,0.0,4
7,30,48,0,0,0,1,21,0,0.0,0.0,1
7,30,59,1,1,1,0,21,7,0.14285714285714285,0.8571428571428571,2
6,25,38,0,0,1,1,18,2,0.16666666666666666,0.0,1
5,17,48,0,1,1,0,15,0,0.0,0.0,2
4,14,28,0,0,0,0,12,3,0.25,0.5,0
3,12,31,0,0,1,0,9,2,0.3333333333333333,0.0,2
2,13,17,0,1,0,0,6,0,0.0,0.0,1
1,5,5,0,0,0,0,3,1,1.0,1.0,0
1,14,14,1,0,0,0,3,1,1.0,0.0,0
2,7,12,0,0,0,0,6,0,0.0,0.0,2
3,7,17,0,0,0,0,9,2,0.3333333333333333,0.3333333333333333,2
4,25,50,1,1,1,1,12,2,0.25,0.0,3
5,19,39,0,1,1,0,15,0,0.0,0.0,3
6,16,35,0,0,0,0,18,4,0.16666666666666666,0.5,2
7,26,77,3,1,1,0,21,2,0.14285714285714285,0.0,5
7,26,52,0,0,0,2,21,0,0.0,0.0,3
6,21,48,1,0,0,1,18,5,0.16666666666666666,0.6666666666666666,0
5,18,38,0,0,1,0,15,2,0.2,0.0,2
4,35,35,0,0,1,1,12,0,0.0,0.0,4
3,13,24,0,0,0,1,9,2,0.3333333333333333,0.3333333333333333,1
2,6,9,0,0,0,0,6,2,0.5,0.0,1
1,6,6,0,0,0,0,3,0,0.0,0.0,0
1,2,2,0,0,0,0,3,1,1.0,1.0,0
2,11,13,0,0,0,1,6,2,0.5,0.0,2
3,9,18,0,0,0,0,9,0,0.0,0.0,0
4,12,25,0,0,1,0,12,4,0.25,0.75,0
5,20,56,2,1,0,0,15,2,0.2,0.0,3
6,25,40,0,0,0,0,18,0,0.0,0.0,0
7,24,57,0,1,0,1,21,5,0.14285714285714285,0.5714285714285714,1
7,29,44,1,0,0,0,21,4,0.42857142857142855,0.0,3
6,25,73,2,1,1,1,18,0,0.0,0.0,3
5,26,40,1,0,0,1,15,4,0.2,0.6,1
7,26,46,0,1,0,0,21,1,0.0,0.0,2
6,25,57,1,0,1,1,18,0,0.0,0.0,2
5,24,56,3,0,0,0,15,4,0.0,0.6,2
4,17,30,0,1,0,0,12,1,0.0,0.0,4
3,25,25,0,0,1,0,9,0,0.0,0.0,1
2,13,24,0,1,0,1,6,1,0.0,0.0,1
1,4,4,0,0,0,0,3,1,0.0,0.0,0
1,5,5,0,0,0,0,3,0,0.0,0.0,1
2,7,10,0,0,0,0,6,2,0.5,0.5,1
3,12,28,0,0,2,0,9,2,0.3333333333333333,0.0,3
4,12,33,0,0,1,1,12,0,0.0,0.0,2
5,33,44,1,0,0,1,15,4,0.2,0.6,0
6,26,43,0,0,1,0,18,4,0.5,0.0,0
7,20,51,1,0,0,1,21,0,0.0,0.0,1
7,28,64,1,2,0,0,21,7,0.14285714285714285,0.8571428571428571,5
6,23,50,0,1,1,0,18,2,0.16666666666666666,0.0,2
5,23,41,0,0,0,1,15,0,0.0,0.0,1
4,31,39,0,0,1,1,12,4,0.25,0.75,0
3,13,18,0,0,0,0,9,2,0.3333333333333333,0.0,0
2,11,18,0,0,0,1,6,0,0.0,0.0,0
1,13,13,0,1,0,0,3,1,1.0,0.0,0
1,8,8,0,0,0,0,3,1,1.0,0.0,0
2,8,14,0,0,0,0,6,0,0.0,0.0,1
3,12,23,0,0,0,1,9,3,0.3333333333333333,1.0,0
4,17,38,1,0,1,0,12,2,0.25,0.0,0
5,33,53,0,2,1,0,15,0,0.0,0.0,1
6,18,44,1,0,0,0,18,5,0.16666666666666666,0.6666666666666666,0
7,26,56,0,1,0,1,21,6,0.7142857142857143,0.0,1
7,15,42,0,0,0,1,21,0,0.0,0.0,1
6,23,51,0,0,1,1,18,2,0.16666666666666666,0.16666666666666666,2
5,19,42,1,0,0,1,15,5,0.8,0.0,0
4,12,27,0,0,0,0,12,0,0.0,0.0,0
3,10,20,0,0,0,0,9,2,0.3333333333333333,0.3333333333333333,1
2,9,16,0,0,0,0,6,2,0.5,0.0,1
1,6,6,0,0,0,0,3,0,0.0,0.0,1
1,14,14,1,0,0,0,3,1,1.0,1.0,0
2,8,8,0,0,0,0,6,2,0.5,0.0,0
3,14,30,2,0,0,0,9,0,0.0,0.0,1
4,13,44,0,1,1,0,12,3,0.25,0.5,2
5,17,34,1,0,0,0,15,2,0.2,0.0,0
6,17,47,0,0,0,0,18,0,0.0,0.0,2
7,23,53,0,0,1,2,21,5,0.14285714285714285,0.5714285714285714,1
7,18,39,0,0,1,0,21,2,0.14285714285714285,0.0,1
6,19,64,2,1,1,0,18,0,0.0,0.0,3
5,22,41,1,0,1,0,15,5,0.2,0.8,1
4,11,14,0,0,0,0,12,2,0.25,0.0,0
3,18,28,1,0,0,0,9,0,0.0,0.0,0
2,5,7,0,0,0,0,6,2,0.5,1.0,0
1,14,14,1,0,0,0,3,1,1.0,0.0,1
1,7,7,0,0,0,0,3,0,0.0,0.0,0
2,11,17,0,0,0,1,6,2,0.5,0.5,1
3,13,32,0,1,0,0,9,2,0.3333333333333333,0.0,1
4,24,36,0,1,0,1,12,0,0.0,0.0,2
5,23,55,0,1,1,2,15,2,0.2,0.2,4
6,21,32,0,0,0,1,18,2,0.16666666666666666,0.0,1
7,13,36,0,0,0,1,21,0,0.0,0.0,0
7,29,37,0,0,1,0,21,7,0.14285714285714285,0.8571428571428571,2
6,22,40,0,1,0,1,18,2,0.16666666666666666,0.0,1
5,19,50,1,2,0,0,15,0,0.0,0.0,5
4,24,42,1,0,0,0,12,3,0.25,0.5,0
3,17,31,1,0,0,1,9,3,1.0,0.0,2
2,22,22,1,0,0,0,6,0,0.0,0.0,2
1,4,4,0,0,0,0,3,1,1.0,1.0,0
1,7,7,0,0,0,0,3,1,1.0,0.0,0
2,4,6,0,0,0,0,6,0,0.0,0.0,0
3,23,25,0,0,1,1,9,2,0.3333333333333333,0.3333333333333333,2
4,23,39,0,1,0,1,12,2,0.25,0.0,3
5,16,38,0,0,0,0,15,0,0.0,0.0,0
6,21,33,0,0,0,0,18,6,0.16666666666666666,1.0,1
7,13,39,0,0,0,0,21,2,0.14285714285714285,0.0,1
7,20,63,3,0,0,0,21,0,0.0,0.0,2
6,24,47,0,0,0,1,18,3,0.16666666666666666,0.3333333333333333,1
5,19,37,0,0,1,0,15,2,0.2,0.0,1
4,13,22,0,1,0,0,12,0,0.0,0.0,0
3,14,28,1,0,0,0,9,3,0.3333333333333333,1.0,0
2,12,17,0,0,1,0,6,2,0.5,0.0,0
1,13,13,0,1,0,0,3,0,0.0,0.0,1
1,3,3,0,0,0,0,3,1,1.0,1.0,0
2,13,23,0,1,0,0,6,2,0.5,0.0,1
3,12,18,0,0,1,0,9,0,0.0,0.0,0
4,13,46,0,2,0,1,12,3,0.25,0.5,2
5,11,25,0,0,0,0,15,2,0.2,0.0,0
6,16,35,0,1,0,0,18,0,0.0,0.0,2
7,30,41,0,0,0,1,21,5,0.14285714285714285,0.5714285714285714,0
7,39,68,1,1,0,0,21,2,0.14285714285714285,0.0,6
6,20,37,0,0,0,1,18,0,0.0,0.0,1
5,23,44,0,1,0,0,15,3,0.2,0.4,3
4,21,29,0,0,0,0,12,2,0.25,0.0,1
3,14,19,1,0,0,0,9,0,0.0,0.0,0
2,11,16,0,0,0,1,6,2,0.5,0.5,0
1,13,13,0,1,0,0,3,1,1.0,0.0,1
1,7,7,0,0,0,0,3,0,0.0,0.0,1
2,11,14,0,0,0,1,6,2,0.5,1.0,0
3,13,20,0,1,0,0,9,2,0.3333333333333333,0.0,0
4,13,34,0,2,0,0,12,0,0.0,0.0,1
5,11,27,0,0,0,0,15,5,0.2,0.8,0
6,18,54,0,1,1,1,18,2,0.16666666666666666,0.0,2
7,19,54,0,0,0,1,21,0,0.0,0.0,3
7,22,47,0,1,0,0,21,5,0.14285714285714285,0.5714285714285714,1
6,20,55,1,0,0,1,18,2,0.16666666666666666,0.0,3
5,17,44,0,0,1,1,15,0,0.0,0.0,3
4,12,26,0,0,1,0,12,2,0.25,0.25,1
3,13,21,0,1,0,0,9,2,0.3333333333333333,0.0,1
2,11,13,0,0,0,1,6,0,0.0,0.0,2
1,3,3,0,0,0,0,3,1,1.0,1.0,0
1,3,3,0,0,0,0,3,1,1.0,0.0,0
2,9,16,0,0,0,0,6,0,0.0,0.0,0
3,25,34,1,0,0,1,9,2,0.3333333333333333,0.3333333333333333,2
4,20,40,0,0,1,1,12,2,0.25,0.0,3
5,32,55,0,2,0,1,15,0,0.0,0.0,4
6,23,43,0,0,0,1,18,4,0.16666666666666666,0.5,1
7,28,59,0,0,0,1,21,6,0.7142857142857143,0.0,0
7,25,61,1,2,0,0,21,0,0.0,0.0,2
6,20,56,0,0,0,2,18,5,0.16666666666666666,0.6666666666666666,1
5,25,44,1,0,0,1,15,2,0.2,0.0,2
4,14,33,1,1,0,0,12,0,0.0,0.0,1
3,20,23,0,0,0,1,9,2,0.3333333333333333,0.3333333333333333,1
2,14,18,1,0,0,0,6,2,0.5,0.0,0
1,11,11,0,0,0,1,3,0,0.0,0.0,1
1,12,12,0,0,1,0,3,1,1.0,1.0,0
2,15,15,0,0,0,1,6,2,0.5,0.0,2
3,7,18,0,0,0,0,9,0,0.0,0.0,0
4,17,31,0,0,1,0,12,4,0.25,0.75,1
5,22,44,0,0,1,0,15,2,0.2,0.0,1
6,29,53,0,2,0,1,18,0,0.0,0.0,1
7,16,50,0,0,1,1,21,5,0.14285714285714285,0.5714285714285714,0
7,21,54,2,0,0,0,21,2,0.14285714285714285,0.0,1
7,28,47,0,0,1,0,21,7,0.8571428571428571,0.0,0
6,26,61,2,0,1,0,18,0,0.0,0.0,3
5,33,44,1,0,1,1,15,3,0.0,0.4,3
4,17,32,0,1,1,0,12,2,0.25,0.0,0
3,11,29,0,0,0,1,9,0,0.0,0.0,2
2,14,22,1,0,0,0,6,1,0.0,0.0,0
1,12,12,0,0,1,0,3,1,0.0,0.0,1
1,10,10,0,0,0,0,3,0,0.0,0.0,0
2,15,15,0,0,0,1,6,1,0.0,0.0,0
3,13,27,0,1,0,1,9,1,0.0,0.0,1
4,25,35,0,1,0,0,12,0,0.0,0.0,4
5,28,44,1,0,0,1,15,3,0.2,0.4,3
6,22,53,1,0,0,1,18,2,0.16666666666666666,0.0,2
7,32,52,0,0,1,1,21,0,0.0,0.0,0
7,28,45,0,1,0,0,21,5,0.14285714285714285,0.5714285714285714,0
6,16,58,1,1,0,0,18,2,0.16666666666666666,0.0,2
5,15,31,0,0,1,0,15,0,0.0,0.0,1
4,14,28,0,0,0,0,12,2,0.25,0.25,1
3,21,33,0,1,1,0,9,2,0.3333333333333333,0.0,2
2,11,11,0,0,0,0,6,0,0.0,0.0,1
1,14,14,1,0,0,0,3,1,1.0,1.0,0
1,5,5,0,0,0,0,3,1,1.0,0.0,0
2,14,18,1,0,0,0,6,0,0.0,0.0,1
3,10,26,0,0,0,0,9,2,0.3333333333333333,0.3333333333333333,1
4,18,34,0,1,0,0,12,2,0.25,0.0,4
5,22,42,0,0,0,1,15,0,0.0,0.0,4
6,17,33,0,0,0,1,18,3,0.16666666666666666,0.3333333333333333,1
7,43,67,1,2,0,1,21,1,0.0,0.0,4
6,20,52,1,0,0,0,18,0,0.0,0.0,1
5,20,41,1,0,0,1,15,1,0.0,0.0,4
4,24,47,1,1,0,1,12,2,0.25,0.0,1
3,19,32,0,1,0,0,9,0,0.0,0.0,2
2,25,25,0,1,1,0,6,1,0.0,0.0,0
1,10,10,0,0,0,0,3,1,0.0,0.0,0
1,10,10,0,0,0,0,3,0,0.0,0.0,1
2,9,11,0,0,0,0,6,2,0.5,0.0,0
3,15,28,0,1,0,0,9,2,0.3333333333333333,0.0,1
4,19,44,1,0,1,1,12,0,0.0,0.0,3
5,13,31,0,0,1,0,15,3,0.2,0.4,1
6,23,44,1,0,0,1,18,2,0.16666666666666666,0.0,1
7,25,62,0,1,1,1,21,0,0.0,0.0,2
7,20,57,1,1,0,0,21,5,0.14285714285714285,0.5714285714285714,2
6,17,59,1,1,1,0,18,2,0.16666666666666666,0.0,2
5,21,31,0,0,1,0,15,0,0.0,0.0,0
4,26,34,0,1,0,0,12,3,0.25,0.5,2
3,16,28,0,0,2,0,9,2,0.3333333333333333,0.0,2
2,7,13,0,0,0,0,6,0,0.0,0.0,2
1,2,2,0,0,0,0,3,1,1.0,1.0,0
1,10,10,0,0,0,0,3,1,1.0,0.0,0
2,5,7,0,0,0,0,6,0,0.0,0.0,0
3,7,11,0,0,0,0,9,2,0.3333333333333333,0.3333333333333333,0
4,19,24,0,1,0,0,12,2,0.25,0.0,0
5,12,26,0,0,0,0,15,0,0.0,0.0,0
6,17,48,1,0,2,0,18,3,0.16666666666666666,0.3333333333333333,3
7,23,61,0,0,2,2,21,2,0.14285714285714285,0.0,2
7,21,71,1,0,3,0,21,0,0.0,0.0,3
6,18,46,1,0,0,0,18,3,0.16666666666666666,0.3333333333333333,1
5,26,42,1,0,1,1,15,2,0.2,0.0,2
4,12,37,0,0,1,0,12,0,0.0,0.0,1
3,16,27,1,0,0,1,9,3,0.3333333333333333,0.6666666666666666,1
2,5,9,0,0,0,0,6,2,0.5,0.0,0
1,3,3,0,0,0,0,3,0,0.0,0.0,1
1,13,13,0,1,0,0,3,1,1.0,1.0,0
2,11,15,0,0,0,1,6,2,0.5,0.0,0
3,14,25,1,0,0,0,9,0,0.0,0.0,1
4,12,26,0,0,1,0,12,4,0.25,0.75,0
5,11,31,0,0,0,0,15,2,0.2,0.0,2
6,25,45,0,1,1,0,18,0,0.0,0.0,1
7,27,65,1,1,1,0,21,5,0.14285714285714285,0.5714285714285714,2
7,26,63,0,1,0,1,21,6,0.7142857142857143,0.0,3
6,28,54,0,1,1,0,18,0,0.0,0.0,4
5,16,40,0,1,0,1,15,3,0.2,0.4,1
4,16,31,0,0,0,0,12,2,0.25,0.0,1
3,17,24,0,0,0,0,9,0,0.0,0.0,0
2,6,11,0,0,0,0,6,2,0.5,0.5,1
1,12,12,0,0,1,0,3,1,1.0,0.0,0
1,8,8,0,0,0,0,3,0,0.0,0.0,0
2,6,8,0,0,0,0,6,2,0.5,0.5,0
3,9,19,0,0,0,0,9,2,0.3333333333333333,0.0,1
4,24,28,0,0,1,0,12,0,0.0,0.0,2
7,16,59,0,2,0,0,21,1,0.0,0.0,2
6,19,39,0,0,0,0,18,0,0.0,0.0,1
5,17,32,0,1,0,0,15,3,0.0,0.4,1
4,24,26,0,0,0,1,12,1,0.0,0.0,0
3,24,30,1,0,0,0,9,0,0.0,0.0,0
2,18,18,1,0,0,0,6,1,0.0,0.0,0
1,10,10,0,0,0,0,3,1,1.0,0.0,1
1,9,9,0,0,0,0,3,0,0.0,0.0,0
2,9,9,0,0,0,0,6,2,0.5,0.0,1
3,11,22,0,0,0,1,9,2,0.3333333333333333,0.0,0
4,9,19,0,0,0,0,12,0,0.0,0.0,0
5,22,46,0,2,0,0,15,5,0.2,0.8,2
6,24,54,0,1,0,2,18,2,0.16666666666666666,0.0,4
7,26,50,0,1,0,1,21,0,0.0,0.0,0
7,25,59,0,1,2,1,21,3,0.14285714285714285,0.2857142857142857,3
6,13,37,0,1,0,0,18,2,0.16666666666666666,0.0,0
5,21,41,0,0,1,1,15,0,0.0,0.0,2
4,19,31,0,0,0,0,12,4,0.25,0.75,0
3,23,37,1,1,0,0,9,2,0.3333333333333333,0.0,3
2,7,9,0,0,0,0,6,0,0.0,0.0,0
1,2,2,0,0,0,0,3,1,1.0,0.0,0
1,8,8,0,0,0,0,3,1,1.0,0.0,1
2,13,24,0,1,0,1,6,0,0.0,0.0,2
3,10,15,0,0,0,0,9,3,0.3333333333333333,1.0,0
4,13,33,0,1,0,0,12,2,0.25,0.0,0
5,19,36,0,0,1,0,15,0,0.0,0.0,1
6,21,55,1,1,0,1,18,4,0.16666666666666666,0.5,2
7,28,67,0,2,0,1,21,2,0.14285714285714285,0.0,3
7,17,48,0,0,0,1,21,0,0.0,0.0,1
6,26,49,0,1,0,0,18,5,0.16666666666666666,0.6666666666666666,0
5,13,30,0,0,0,0,15,2,0.2,0.0,0
4,27,36,1,1,0,0,12,0,0.0,0.0,0
3,14,26,1,0,0,0,9,2,0.3333333333333333,0.3333333333333333,3
2,12,24,0,0,2,0,6,2,0.5,0.0,2
1,8,8,0,0,0,0,3,0,0.0,0.0,0
1,10,10,0,0,0,0,3,1,1.0,1.0,0
2,8,11,0,0,0,0,6,2,0.5,0.0,0
3,11,19,0,0,0,1,9,0,0.0,0.0,0
4,18,31,0,0,0,0,12,4,1.25,0.5,0
5,25,56,0,1,2,0,15,2,0.2,0.0,2
6,23,42,0,0,0,0,18,0,0.0,0.0,2
7,20,59,0,0,1,0,21,5,0.14285714285714285,0.5714285714285714,2
7,25,74,1,1,0,2,21,2,0.14285714285714285,0.0,4
6,27,48,0,0,1,1,18,0,0.0,0.0,5
5,21,48,1,0,1,0,15,4,0.2,0.6,2
4,26,42,1,0,1,0,12,2,0.25,0.0,2
3,14,28,1,0,0,0,9,0,0.0,0.0,1
2,13,16,0,1,0,0,6,2,0.5,0.5,0
1,8,8,0,0,0,0,3,1,1.0,0.0,0
1,6,6,0,0,0,0,3,0,0.0,0.0,0
2,11,18,0,0,0,1,6,2,0.5,0.5,0
3,7,16,0,0,0,0,9,2,0.3333333333333333,0.0,0
4,11,24,0,0,0,0,12,0,0.0,0.0,0
5,16,34,0,0,1,0,15,3,0.2,0.4,0
6,23,47,1,1,0,0,18,2,0.16666666666666666,0.0,2
7,27,57,0,0,1,1,21,0,0.0,0.0,3
7,26,64,1,1,0,0,21,5,0.14285714285714285,0.5714285714285714,2
6,28,52,0,0,1,0,18,2,0.16666666666666666,0.0,3
5,15,40,0,0,0,3,15,0,0.0,0.0,2
4,13,26,0,0,0,0,12,3,0.25,0.5,0
3,23,34,0,1,0,1,9,2,0.3333333333333333,0.0,2
2,5,9,0,0,0,0,6,0,0.0,0.0,1
1,14,14,1,0,0,0,3,1,1.0,1.0,0
1,13,13,0,1,0,0,3,1,1.0,0.0,1
2,16,16,0,0,0,0,6,0,0.0,0.0,2
3,14,28,1,0,0,0,9,3,0.3333333333333333,0.6666666666666666,1
4,21,32,0,1,0,0,12,2,0.25,0.0,1
5,25,38,0,2,0,0,15,0,0.0,0.0,0
6,20,33,0,0,0,0,18,4,0.16666666666666666,0.5,1
7,32,77,0,1,2,2,21,2,0.14285714285714285,0.0,7
7,21,64,1,2,0,0,21,0,0.0,0.0,3
6,22,57,1,0,1,0,18,3,0.16666666666666666,0.3333333333333333,2
5,24,37,1,0,0,1,15,2,0.2,0.0,2
4,16,24,1,0,0,0,12,0,0.0,0.0,2
3,29,29,0,1,0,0,9,3,0.3333333333333333,0.6666666666666666,2
2,19,19,0,1,0,0,6,2,0.5,0.0,0
1,6,6,0,0,0,0,3,0,0.0,0.0,1
1,9,9,0,0,0,0,3,1,1.0,1.0,1
2,7,13,0,0,0,0,6,2,0.5,0.0,0
3,22,36,1,0,1,0,9,0,0.0,0.0,2
4,14,39,1,0,0,0,12,4,0.25,0.75,1
5,18,44,0,0,2,0,15,2,0.2,0.0,0
6,26,55,1,1,1,0,18,0,0.0,0.0,3
7,27,59,1,1,1,0,21,5,0.14285714285714285,0.5714285714285714,1
7,23,61,1,0,1,1,21,2,0.14285714285714285,0.0,2
6,25,53,1,0,1,1,18,0,0.0,0.0,3
5,23,51,1,0,1,1,15,5,0.2,0.8,1
4,19,27,0,1,0,0,12,2,0.25,0.0,1
3,11,17,0,0,0,0,9,0,0.0,0.0,1
2,10,17,0,0,0,0,6,2,0.5,1.0,0
1,3,3,0,0,0,0,3,1,1.0,0.0,0
1,2,2,0,0,0,0,3,0,0.0,0.0,1
2,14,22,1,0,0,0,6,2,0.5,0.5,0
3,5,13,0,0,0,0,9,2,0.3333333333333333,0.0,1
4,16,33,0,0,1,0,12,0,0.0,0.0,2
5,28,53,1,0,1,2,15,3,0.2,0.4,3
6,17,36,0,1,0,0,18,2,0.16666666666666666,0.0,0
7,21,50,0,0,0,1,21,0,0.0,0.0,1
7,25,45,0,1,0,0,21,5,0.14285714285714285,0.5714285714285714,1
6,21,34,0,1,0,0,18,2,0.16666666666666666,0.0,0
5,21,41,0,1,0,0,15,0,0.0,0.0,2
4,18,22,0,1,0,0,12,3,0.25,0.5,0
3,15,26,0,1,0,1,9,2,0.3333333333333333,0.0,2
2,7,12,0,0,0,0,6,0,0.0,0.0,1
1,14,14,1,0,0,0,3,1,1.0,1.0,0
1,9,9,0,0,0,0,3,1,1.0,0.0,0
2,13,22,0,1,0,0,6,0,0.0,0.0,1
3,6,13,0,0,0,0,9,2,0.3333333333333333,0.3333333333333333,1
4,12,34,0,0,1,1,12,2,0.25,0.0,3
5,18,26,0,0,0,1,15,0,0.0,0.0,0
6,15,42,0,0,1,0,18,3,0.16666666666666666,0.3333333333333333,1
7,24,66,2,0,0,1,21,6,0.7142857142857143,0.0,1
7,29,67,0,2,0,1,21,0,0.0,0.0,5
6,36,64,1,1,1,1,18,3,0.16666666666666666,0.3333333333333333,1
5,12,28,0,0,0,1,15,2,0.2,0.0,2
4,12,34,0,0,1,1,12,0,0.0,0.0,2
3,13,21,0,1,0,0,9,3,0.3333333333333333,0.6666666666666666,2
7,32,54,0,0,1,1,21,5,0.5714285714285714,0.0,0
6,35,53,0,0,0,1,18,0,0.0,0.0,4
5,21,45,0,1,1,0,15,3,0.2,0.4,3
4,18,29,0,0,0,2,12,1,0.0,0.0,3
3,20,26,1,0,0,0,9,0,0.0,0.0,2
2,11,18,0,0,0,1,6,2,0.0,1.0,0
1,13,13,0,1,0,0,3,1,0.0,0.0,0
1,10,10,0,0,0,0,3,0,0.0,0.0,1
2,9,12,0,0,0,0,6,2,0.5,0.5,0
3,17,30,0,1,0,0,9,2,0.3333333333333333,0.0,1
4,17,37,1,0,0,0,12,0,0.0,0.0,2
5,19,42,0,1,0,0,15,3,0.2,0.4,3
6,15,36,0,1,0,0,18,2,0.16666666666666666,0.0,1
7,18,52,1,0,0,1,21,0,0.0,0.0,3
7,26,54,2,0,1,0,21,6,0.7142857142857143,0.5714285714285714,1
6,28,50,1,0,0,1,18,2,0.16666666666666666,0.0,3
5,16,37,0,0,0,1,15,0,0.0,0.0,0
4,13,34,0,0,1,0,12,3,0.25,0.5,0
3,22,24,0,1,0,0,9,2,0.3333333333333333,0.0,0
2,21,21,0,0,1,0,6,0,0.0,0.0,1
1,9,9,0,0,0,0,3,1,1.0,0.0,0
1,8,8,0,0,0,0,3,1,1.0,0.0,0
2,13,13,0,0,0,0,6,0,0.0,0.0,2
3,21,30,0,0,0,1,9,3,0.3333333333333333,1.0,0
4,28,38,1,0,0,0,12,2,0.25,0.0,1
5,20,32,1,0,0,0,15,0,0.0,0.0,2
6,18,49,0,0,1,1,18,3,0.16666666666666666,0.3333333333333333,2
7,21,37,1,0,0,0,21,2,0.14285714285714285,0.0,3
7,20,67,0,1,0,2,21,0,0.0,0.0,2
6,10,25,0,0,0,0,18,5,0.16666666666666666,0.6666666666666666,0
5,19,26,0,0,0,0,15,2,0.2,0.0,1
4,26,49,2,0,1,0,12,0,0.0,0.0,3
3,17,21,0,0,0,1,9,3,0.3333333333333333,0.6666666666666666,0
2,14,14,0,0,0,1,6,2,0.5,0.0,0
1,13,13,0,1,0,0,3,0,0.0,0.0,1
1,13,13,0,1,0,0,3,1,1.0,1.0,0
2,18,18,1,0,0,0,6,2,0.5,0.0,0
3,17,20,0,1,0,0,9,0,0.0,0.0,1
4,20,38,0,0,1,1,12,2,0.25,0.25,2
5,16,38,0,0,2,0,15,2,0.2,0.0,0
6,16,44,0,1,0,0,18,0,0.0,0.0,1
7,23,47,0,0,0,1,21,5,0.14285714285714285,0.5714285714285714,0
7,22,54,1,1,0,0,21,5,0.5714285714285714,0.0,2
6,17,39,1,0,0,1,18,0,0.0,0.0,1
5,15,38,0,1,1,0,15,3,0.2,0.4,3
4,18,43,1,0,0,1,12,2,0.25,0.0,3
3,11,24,0,0,0,1,9,0,0.0,0.0,0
2,19,19,0,0,1,0,6,2,0.5,0.5,1
1,10,10,0,0,0,0,3,1,1.0,0.0,0
1,5,5,0,0,0,0,3,0,0.0,0.0,1
2,23,23,0,1,0,0,6,2,0.5,0.5,1
3,14,22,1,0,0,0,9,2,0.3333333333333333,0.0,1
4,20,26,1,0,0,0,12,0,0.0,0.0,2
5,31,47,0,1,1,0,15,3,0.2,0.4,3
6,20,58,1,2,0,1,18,2,0.16666666666666666,0.0,1
7,24,64,1,0,0,1,21,0,0.0,0.0,2
7,25,51,0,1,1,0,21,5,0.14285714285714285,0.5714285714285714,4
6,26,50,0,0,0,1,18,2,0.16666666666666666,0.0,0
5,31,48,1,0,0,0,15,0,0.0,0.0,3
4,15,38,0,0,1,1,12,3,0.25,0.5,1
3,19,31,0,0,1,0,9,2,0.3333333333333333,0.0,2
2,14,22,1,0,0,0,6,0,0.0,0.0,2
1,13,13,0,1,0,0,3,1,1.0,1.0,0
1,14,14,1,0,0,0,3,1,1.0,0.0,0
2,6,11,0,0,0,0,6,0,0.0,0.0,1
3,5,9,0,0,0,0,9,3,0.3333333333333333,1.0,0
4,17,32,0,1,0,0,12,2,0.25,0.0,0
5,14,33,0,0,0,0,15,0,0.0,0.0,0
6,25,57,1,1,1,0,18,3,0.16666666666666666,0.3333333333333333,3
7,21,50,1,0,0,0,21,2,0.14285714285714285,0.0,1
7,24,59,0,1,0,2,21,0,0.0,0.0,0
6,12,30,0,0,0,0,18,4,0.16666666666666666,0.5,2
5,14,40,0,0,0,1,15,2,0.2,0.0,2
4,18,30,0,0,0,1,12,0,0.0,0.0,2
3,13,25,0,1,0,0,9,3,0.3333333333333333,0.6666666666666666,1
2,14,27,1,1,0,0,6,2,0.5,0.0,1
1,12,12,0,0,1,0,3,0,0.0,0.0,1
1,6,6,0,0,0,0,3,1,1.0,1.0,0
2,8,10,0,0,0,0,6,2,0.5,0.0,0
3,13,35,0,1,1,0,9,0,0.0,0.0,2
4,23,29,0,0,0,0,12,3,0.25,0.5,2
5,38,41,0,0,1,1,15,2,0.2,0.0,0
6,23,48,1,0,0,1,18,0,0.0,0.0,1
7,24,65,1,0,0,1,21,5,0.14285714285714285,0.5714285714285714,0
7,16,44,0,0,1,0,21,2,0.14285714285714285,0.0,3
6,25,55,0,2,1,1,18,0,0.0,0.0,3
5,27,51,1,1,1,0,15,5,0.2,0.8,2
4,30,35,0,0,1,0,12,2,0.25,0.0,0
3,27,33,1,1,0,0,9,0,0.0,0.0,2
2,13,17,0,1,0,0,6,2,0.5,1.0,1
1,8,8,0,0,0,0,3,1,1.0,0.0,0
1,11,11,0,0,0,1,3,0,0.0,0.0,1
2,10,10,0,0,0,0,6,2,0.5,1.0,0
3,18,27,0,1,0,0,9,2,0.3333333333333333,0.0,2
4,18,38,0,1,0,0,12,0,0.0,0.0,0
5,32,41,1,0,1,0,15,4,0.2,0.6,0
6,27,58,1,1,2,0,18,6,0.8333333333333334,0.0,0
7,22,60,0,0,2,0,21,0,0.0,0.0,2
7,25,71,0,1,2,2,21,5,0.14285714285714285,0.5714285714285714,4
6,19,46,0,1,0,0,18,2,0.16666666666666666,0.0,2
5,16,41,0,1,1,0,15,0,0.0,0.0,3
4,24,33,0,1,0,1,12,3,0.25,0.5,0
3,16,29,0,1,0,0,9,2,0.3333333333333333,0.0,3
2,14,22,1,0,0,0,6,0,0.0,0.0,2
1,4,4,0,0,0,0,3,1,1.0,1.0,0
1,6,6,0,0,0,0,3,1,1.0,0.0,0
2,27,27,1,1,0,0,6,0,0.0,0.0,2
3,11,16,0,0,0,1,9,3,0.3333333333333333,0.6666666666666666,0
4,14,34,1,0,0,0,12,2,0.25,0.0,2
5,21,46,0,1,0,0,15,0,0.0,0.0,3
6,22,51,0,0,0,1,18,4,0.16666666666666666,0.5,3
7,20,45,1,0,0,0,21,2,0.14285714285714285,0.0,0
6,18,46,0,0,0,1,18,0,0.0,0.0,0
5,20,36,0,1,0,0,15,4,0.0,0.6,0
4,21,35,1,0,0,0,12,1,0.0,0.0,4
3,14,21,0,0,0,0,9,0,0.0,0.0,1
2,11,21,0,0,0,1,6,2,0.0,0.5,1
1,12,12,0,0,1,0,3,1,0.0,0.0,0
1,5,5,0,0,0,0,3,0,0.0,0.0,0
2,13,16,0,1,0,0,6,2,0.5,0.0,0
3,12,26,0,0,2,0,9,2,0.3333333333333333,0.0,2
4,15,21,0,0,0,0,12,0,0.0,0.0,0
5,25,46,0,2,1,0,15,4,0.2,0.6,0
6,17,54,2,0,0,1,18,2,0.16666666666666666,0.0,3
7,35,56,0,2,1,0,21,0,0.0,0.0,3
7,17,44,0,1,0,0,21,5,0.14285714285714285,0.5714285714285714,1
6,25,60,0,1,2,1,18,2,0.16666666666666666,0.0,4
5,13,32,0,1,0,0,15,0,0.0,0.0,1
4,20,34,0,0,0,1,12,2,0.25,0.0,0
3,9,14,0,0,0,0,9,2,0.3333333333333333,0.0,2
2,7,13,0,0,0,0,6,0,0.0,0.0,1
1,6,6,0,0,0,0,3,1,1.0,1.0,0
1,13,13,0,1,0,0,3,1,1.0,0.0,0
2,18,18,1,0,0,0,6,0,0.0,0.0,2
3,13,32,0,1,1,0,9,2,0.3333333333333333,0.3333333333333333,1
4,13,24,0,0,0,0,12,2,0.25,0.0,0
5,18,46,2,0,0,0,15,0,0.0,0.0,1
6,23,44,0,1,0,1,18,3,0.16666666666666666,0.3333333333333333,2
7,39,60,1,0,0,1,21,2,0.14285714285714285,0.0,0
7,36,80,1,2,1,0,21,0,0.0,0.0,7
6,22,45,0,1,1,0,18,4,0.16666666666666666,0.5,3
5,14,31,0,0,1,0,15,2,0.2,0.0,0
4,11,25,0,0,0,0,12,0,0.0,0.0,3
3,8,18,0,0,0,0,9,2,0.3333333333333333,0.3333333333333333,1
2,13,19,0,1,0,0,6,2,0.5,0.0,2
1,8,8,0,0,0,0,3,0,0.0,0.0,1
1,10,10,0,0,0,0,3,1,1.0,1.0,0
2,9,9,0,0,0,0,6,2,0.5,0.0,0
3,26,26,0,0,0,1,9,0,0.0,0.0,2
4,34,43,1,0,1,0,12,2,0.25,0.25,2
5,7,19,0,0,0,0,15,2,0.2,0.0,0
6,23,60,1,0,2,1,18,0,0.0,0.0,2
7,20,40,0,1,0,0,21,4,0.14285714285714285,0.42857142857142855,1
7,31,55,0,1,0,1,21,6,0.7142857142857143,0.0,2
6,19,34,0,0,0,1,18,0,0.0,0.0,1
5,16,28,0,0,0,0,15,3,0.2,0.4,1
4,12,32,0,0,1,0,12,2,0.25,0.0,0
3,8,14,0,0,0,0,9,0,0.0,0.0,1
2,11,19,0,0,0,1,6,2,0.5,0.5,0
1,7,7,0,0,0,0,3,1,1.0,0.0,0
1,9,9,0,0,0,0,3,0,0.0,0.0,1
2,8,16,0,0,0,0,6,2,0.5,0.5,1
3,10,13,0,0,0,0,9,2,0.3333333333333333,0.0,1
4,15,24,0,0,1,0,12,0,0.0,0.0,0
5,19,35,0,0,0,0,15,4,0.2,0.6,0
6,18,41,0,1,0,1,18,2,0.16666666666666666,0.0,1
7,24,58,1,1,0,0,21,0,0.0,0.0,3
7,37,64,0,1,2,0,21,3,0.14285714285714285,0.2857142857142857,4
6,27,58,1,1,0,0,18,2,0.16666666666666666,0.0,4
5,12,31,0,0,1,0,15,0,0.0,0.0,1
4,11,23,0,0,0,0,12,3,0.25,0.5,0
3,8,12,0,0,0,0,9,2,0.3333333333333333,0.0,0
2,8,14,0,0,0,0,6,0,0.0,0.0,2
1,11,11,0,0,0,1,3,1,1.0,1.0,0
1,9,9,0,0,0,0,3,1,1.0,0.0,0
2,13,22,0,1,0,0,6,0,0.0,0.0,2
3,10,22,0,0,0,0,9,2,0.3333333333333333,0.3333333333333333,2
4,21,36,1,0,1,0,12,2,0.25,0.0,3
5,24,47,0,1,0,2,15,0,0.0,0.0,5
6,40,51,0,1,1,0,18,5,0.16666666666666666,0.6666666666666666,0
7,21,55,0,0,1,2,21,2,0.14285714285714285,0.0,3
7,34,74,1,1,1,1,21,0,0.0,0.0,3
6,18,43,0,0,1,0,18,5,0.16666666666666666,0.6666666666666666,0
5,17,41,1,0,1,0,15,2,0.2,0.0,2
4,14,30,1,0,0,0,12,0,0.0,0.0,1
3,16,23,0,0,0,1,9,3,0.3333333333333333,0.6666666666666666,1
2,8,10,0,0,0,0,6,2,0.5,0.0,0
1,12,12,0,0,1,0,3,0,0.0,0.0,1
1,6,6,0,0,0,0,3,1,1.0,1.0,0
2,14,22,1,0,0,0,6,2,0.5,0.0,0
3,8,14,0,0,0,0,9,0,0.0,0.0,0
4,18,29,0,1,0,0,12,4,0.25,0.75,1
5,11,33,0,0,0,1,15,2,0.2,0.0,3
6,25,52,1,0,0,2,18,0,0.0,0.0,3
7,32,55,0,1,1,0,21,6,0.7142857142857143,0.0,1
6,27,52,1,0,0,1,18,0,0.0,0.0,0
5,19,30,0,1,0,0,15,4,0.2,0.6,0
4,21,39,0,0,0,1,12,1,0.0,0.0,3
3,16,24,0,1,0,0,9,0,0.0,0.0,3
2,5,5,0,0,0,0,6,2,0.0,1.0,0
1,9,9,0,0,0,0,3,1,0.0,0.0,0
1,10,10,0,0,0,0,3,0,0.0,0.0,1
2,15,15,0,0,0,0,6,2,0.0,0.5,0
3,26,34,1,0,1,0,9,2,0.3333333333333333,0.0,3
4,13,35,0,0,1,0,12,0,0.0,0.0,1
5,29,54,1,1,0,1,15,4,0.2,0.6,2
6,21,44,0,1,0,0,18,4,0.5,0.0,0
7,35,58,1,0,0,1,21,0,0.0,0.0,3
7,30,65,1,0,1,1,21,3,0.14285714285714285,0.2857142857142857,3
6,31,62,2,0,0,1,18,2,0.16666666666666666,0.0,6
5,18,41,1,0,0,1,15,0,0.0,0.0,3
4,15,36,0,2,0,0,12,3,0.25,0.5,2
3,11,30,0,0,0,1,9,2,0.3333333333333333,0.0,2
2,14,18,1,0,0,0,6,0,0.0,0.0,1
1,13,13,0,1,0,0,3,1,1.0,1.0,1
1,5,5,0,0,0,0,3,1,1.0,0.0,0
2,10,17,0,0,0,0,6,0,0.0,0.0,1
3,7,13,0,0,0,0,9,2,0.3333333333333333,0.3333333333333333,1
4,7,18,0,0,0,0,12,2,0.25,0.0,0
5,8,22,0,0,0,0,15,0,0.0,0.0,1
6,20,37,0,0,0,1,18,3,0.16666666666666666,0.3333333333333333,0
7,17,51,1,0,0,1,21,6,0.7142857142857143,0.0,1
7,22,45,0,0,0,1,21,0,0.0,0.0,1
6,35,57,1,0,1,1,18,5,0.16666666666666666,0.6666666666666666,2
5,20,43,0,1,0,1,15,2,0.2,0.0,2
4,31,34,1,0,0,1,12,0,0.0,0.0,0
3,12,18,0,0,1,0,9,3,0.3333333333333333,0.6666666666666666,1
2,7,9,0,0,0,0,6,2,0.5,0.0,1
1,14,14,1,0,0,0,3,0,0.0,0.0,1
1,12,12,0,0,1,0,3,1,1.0,1.0,0
2,6,8,0,0,0,0,6,2,0.5,0.0,0
3,13,21,0,0,0,0,9,0,0.0,0.0,1
4,16,23,0,0,1,0,12,3,0.25,0.5,1
5,19,36,0,0,0,0,15,2,0.2,0.0,2
6,24,44,0,1,0,1,18,0,0.0,0.0,1
7,21,52,1,0,0,0,21,3,0.14285714285714285,0.2857142857142857,1
7,26,60,1,2,0,0,21,2,0.14285714285714285,0.0,2
6,23,45,0,0,0,1,18,0,0.0,0.0,2
5,15,31,0,0,0,0,15,3,0.2,0.4,0
4,17,27,1,0,0,0,12,2,0.25,0.0,1
3,8,13,0,0,0,0,9,0,0.0,0.0,0
2,14,22,1,0,0,0,6,2,0.5,0.5,2
1,6,6,0,0,0,0,3,1,1.0,0.0,0
1,14,14,1,0,0,0,3,0,0.0,0.0,1
2,8,14,0,0,0,0,6,2,0.5,0.5,0
3,13,28,0,1,0,1,9,2,0.3333333333333333,0.0,0
4,20,31,0,0,0,1,12,0,0.0,0.0,2
5,31,51,1,0,0,0,15,3,0.2,0.4,3
6,18,38,0,1,0,0,18,5,0.6666666666666666,0.0,0
7,26,64,1,0,2,0,21,0,0.0,0.0,3
7,24,61,1,0,0,1,21,5,0.14285714285714285,0.5714285714285714,1
6,27,55,0,0,2,0,18,2,0.16666666666666666,0.0,1
5,12,27,0,0,0,0,15,0,0.0,0.0,1
4,12,25,0,0,0,1,12,3,0.25,0.5,2
3,19,26,0,1,0,0,9,2,0.3333333333333333,0.0,2
2,10,10,0,0,0,0,6,0,0.0,0.0,2
1,13,13,0,1,0,0,3,1,1.0,1.0,1
7,24,54,2,0,0,0,21,1,0.0,0.0,2
6,23,40,0,1,0,0,18,0,0.0,0.0,0
5,18,48,0,0,1,0,15,4,0.0,0.6,1
4,19,27,0,0,1,0,12,4,1.0,0.0,0
3,12,25,0,0,1,1,9,0,0.0,0.0,1
2,12,19,0,0,1,0,6,2,0.0,1.5,0
1,7,7,0,0,0,0,3,1,0.0,0.0,0
1,4,4,0,0,0,0,3,0,0.0,0.0,0
2,13,17,0,1,0,0,6,2,0.5,0.5,1
3,20,22,1,0,0,0,9,2,0.3333333333333333,0.0,1
4,23,41,0,0,2,1,12,0,0.0,0.0,2
5,16,37,1,0,0,1,15,3,0.2,0.4,2
6,19,42,0,0,0,1,18,2,0.16666666666666666,0.0,2
7,26,62,1,0,1,1,21,0,0.0,0.0,3
7,41,69,1,1,1,1,21,5,0.14285714285714285,0.5714285714285714,3
6,28,56,1,1,1,1,18,2,0.16666666666666666,0.0,3
5,7,17,0,0,0,0,15,0,0.0,0.0,0
4,26,33,1,0,1,0,12,3,0.25,0.5,0
3,12,23,0,0,1,0,9,2,0.3333333333333333,0.0,2
2,13,20,0,1,0,0,6,0,0.0,0.0,0
1,14,14,1,0,0,0,3,1,1.0,1.0,1
1,8,8,0,0,0,0,3,1,1.0,0.0,0
2,12,24,0,0,2,0,6,0,0.0,0.0,1
3,34,34,0,1,1,0,9,2,0.3333333333333333,0.3333333333333333,3
4,14,27,1,0,0,0,12,2,0.25,0.0,1
5,18,47,0,2,0,0,15,0,0.0,0.0,4
6,17,41,0,0,0,0,18,3,0.16666666666666666,0.3333333333333333,1
7,24,55,0,0,2,1,21,6,0.7142857142857143,0.0,0
7,32,65,0,1,1,1,21,0,0.0,0.0,4
6,29,57,1,0,1,1,18,3,0.16666666666666666,0.3333333333333333,4
5,21,30,0,0,1,0,15,2,0.2,0.0,2
4,15,30,0,1,1,0,12,0,0.0,0.0,2
3,15,28,0,2,0,0,9,3,0.3333333333333333,0.6666666666666666,1
2,6,9,0,0,0,0,6,2,0.5,0.0,0
1,6,6,0,0,0,0,3,0,0.0,0.0,1
1,12,12,0,0,1,0,3,1,1.0,1.0,0
2,17,17,0,0,0,1,6,2,0.5,0.0,0
3,13,17,0,1,0,0,9,0,0.0,0.0,1
4,23,34,0,0,1,1,12,3,0.25,0.5,1
5,28,45,1,0,1,1,15,2,0.2,0.0,0
6,28,46,1,0,1,0,18,0,0.0,0.0,3
7,31,57,1,1,0,0,21,5,0.14285714285714285,0.5714285714285714,3
7,32,60,0,1,1,0,21,2,0.14285714285714285,0.0,1
6,30,53,0,1,0,1,18,0,0.0,0.0,3
5,31,42,1,1,0,0,15,4,0.2,0.6,2
4,25,25,0,0,0,0,12,2,0.25,0.0,0
3,20,22,0,0,1,0,9,0,0.0,0.0,0
2,4,6,0,0,0,0,6,2,0.5,0.5,0
1,13,13,0,1,0,0,3,1,1.0,0.0,0
1,5,5,0,0,0,0,3,0,0.0,0.0,1
2,5,5,0,0,0,0,6,2,0.5,1.0,0
3,11,21,0,0,0,1,9,2,0.3333333333333333,0.0,2
4,14,24,1,0,0,0,12,0,0.0,0.0,2
5,12,42,0,0,2,0,15,3,0.2,0.4,1
6,19,26,0,0,0,0,18,5,0.6666666666666666,0.0,0
7,19,43,0,0,1,0,21,0,0.0,0.0,0
7,31,53,0,1,0,1,21,5,0.14285714285714285,0.5714285714285714,0
6,18,40,0,0,0,0,18,6,0.8333333333333334,0.0,0
5,25,39,0,0,1,0,15,0,0.0,0.0,1
4,20,33,1,0,0,0,12,4,0.25,0.75,0
3,25,37,1,0,1,1,9,2,0.3333333333333333,0.0,3
7,26,54,0,1,0,0,21,1,0.0,0.0,1
6,17,37,0,0,0,1,18,0,0.0,0.0,0
5,30,49,1,1,0,1,15,3,0.0,0.4,2
4,16,20,0,0,0,1,12,1,0.0,0.0,0
3,9,18,0,0,0,0,9,0,0.0,0.0,3
2,4,6,0,0,0,0,6,2,0.0,0.5,1
1,5,5,0,0,0,0,3,1,1.0,0.0,0
1,14,14,1,0,0,0,3,0,0.0,0.0,1
2,5,8,0,0,0,0,6,2,0.5,0.0,0
3,10,25,0,0,0,0,9,2,0.3333333333333333,0.0,2
4,6,16,0,0,0,0,12,0,0.0,0.0,0
5,20,32,0,0,1,0,15,3,0.2,0.4,0
6,30,58,0,0,0,2,18,2,0.16666666666666666,0.0,5
7,38,64,1,1,0,1,21,0,0.0,0.0,2
7,29,74,1,0,1,1,21,5,0.14285714285714285,0.5714285714285714,3
6,28,52,0,0,2,0,18,2,0.16666666666666666,0.0,3
5,23,36,0,0,0,2,15,0,0.0,0.0,0
4,14,21,0,0,0,0,12,4,0.25,0.75,0
3,10,16,0,0,0,0,9,2,0.3333333333333333,0.0,0
2,7,7,0,0,0,0,6,0,0.0,0.0,0
1,6,6,0,0,0,0,3,1,1.0,1.0,0
1,8,8,0,0,0,0,3,1,1.0,0.0,0
2,14,27,1,1,0,0,6,0,0.0,0.0,2
3,8,20,0,0,0,0,9,2,0.3333333333333333,0.3333333333333333,1
4,24,44,2,0,0,0,12,2,0.25,0.0,3
5,23,43,1,0,0,0,15,0,0.0,0.0,2
6,19,36,1,0,0,0,18,4,0.16666666666666666,0.5,0
7,27,55,0,1,0,1,21,2,0.14285714285714285,0.0,2
7,22,38,0,0,0,0,21,0,0.0,0.0,2
6,48,54,1,1,0,0,18,5,0.16666666666666666,0.6666666666666666,4
5,26,32,0,0,0,1,15,2,0.2,0.0,0
4,17,38,0,0,2,0,12,0,0.0,0.0,4
3,23,31,1,0,0,0,9,2,0.3333333333333333,0.3333333333333333,2
2,4,7,0,0,0,0,6,2,0.5,0.0,0
1,2,2,0,0,0,0,3,0,0.0,0.0,1
1,4,4,0,0,0,0,3,1,1.0,1.0,0
2,7,10,0,0,0,0,6,2,0.5,0.0,0
3,17,20,1,0,0,0,9,0,0.0,0.0,0
4,14,27,1,0,0,0,12,3,0.25,0.5,1
5,17,47,0,0,2,1,15,2,0.2,0.0,3
6,21,50,1,1,0,0,18,0,0.0,0.0,2
7,32,47,0,1,0,0,21,4,0.14285714285714285,0.42857142857142855,1
7,27,62,2,0,0,1,21,5,0.5714285714285714,0.0,4
6,20,59,1,0,1,1,18,0,0.0,0.0,1
5,18,33,0,1,0,0,15,4,0.2,0.6,0
4,9,25,0,0,0,0,12,2,0.25,0.0,1
3,19,26,0,1,0,0,9,0,0.0,0.0,0
2,14,14,0,0,0,0,6,2,0.5,0.5,1
1,5,5,0,0,0,0,3,1,1.0,0.0,0
1,2,2,0,0,0,0,3,0,0.0,0.0,0
2,8,13,0,0,0,0,6,2,0.5,0.5,1
3,23,26,0,1,0,0,9,2,0.3333333333333333,0.0,0
4,12,21,0,0,0,0,12,0,0.0,0.0,2
5,16,47,1,0,1,1,15,3,0.2,0.4,3
6,25,39,0,1,0,0,18,5,0.6666666666666666,0.0,1
7,24,56,1,1,0,0,21,0,0.0,0.0,3
7,29,59,2,0,0,2,21,4,0.14285714285714285,0.42857142857142855,2
6,27,58,0,0,0,1,18,2,0.16666666666666666,0.0,5
5,25,33,1,0,0,0,15,0,0.0,0.0,0
4,12,24,0,0,0,0,12,3,0.25,0.5,0
3,14,30,1,0,0,0,9,2,0.3333333333333333,0.0,1
2,13,24,0,1,0,1,6,0,0.0,0.0,1
1,5,5,0,0,0,0,3,1,1.0,1.0,0
1,2,2,0,0,0,0,3,1,1.0,0.0,0
2,12,17,0,0,1,0,6,0,0.0,0.0,1
3,13,30,0,2,0,0,9,2,0.3333333333333333,0.3333333333333333,1
4,18,35,1,1,0,0,12,2,0.25,0.0,4
5,8,23,0,0,0,0,15,0,0.0,0.0,0
6,24,57,2,0,0,0,18,5,0.16666666666666666,0.6666666666666666,2
7,24,49,0,0,0,1,21,5,0.5714285714285714,0.0,0
7,19,58,0,0,1,1,21,0,0.0,0.0,3
6,31,58,0,0,2,1,18,4,0.16666666666666666,0.5,3
5,33,52,0,0,1,1,15,2,0.2,0.0,0
7,24,49,0,0,1,0,21,2,0.14285714285714285,0.0,2
6,21,54,0,2,0,1,18,0,0.0,0.0,4
5,24,52,2,0,0,0,15,5,0.0,0.8,2
4,14,31,1,0,0,0,12,1,0.0,0.0,1
3,10,19,0,0,0,0,9,0,0.0,0.0,0
2,13,13,0,0,0,0,6,2,0.0,0.5,0
1,10,10,0,0,0,0,3,1,0.0,0.0,0
1,4,4,0,0,0,0,3,0,0.0,0.0,0
2,7,11,0,0,0,0,6,2,0.5,1.0,0
3,20,26,0,0,1,0,9,2,0.3333333333333333,0.0,0
4,30,36,0,0,0,1,12,0,0.0,0.0,2
5,16,27,0,0,0,0,15,3,0.2,0.4,0
6,11,34,0,0,0,1,18,2,0.16666666666666666,0.0,2
7,27,63,0,1,1,2,21,0,0.0,0.0,4
7,28,62,0,1,1,1,21,5,0.14285714285714285,0.5714285714285714,0
6,13,36,0,1,0,0,18,2,0.16666666666666666,0.0,1
5,16,32,0,0,1,0,15,0,0.0,0.0,1
4,19,23,0,0,0,0,12,3,0.25,0.5,0
3,11,25,0,0,0,1,9,2,0.3333333333333333,0.0,0
2,10,10,0,0,0,0,6,0,0.0,0.0,1
1,8,8,0,0,0,0,3,1,1.0,0.0,0
1,10,10,0,0,0,0,3,1,1.0,0.0,0
2,10,13,0,0,0,0,6,0,0.0,0.0,2
3,18,22,0,0,0,1,9,3,0.3333333333333333,0.6666666666666666,1
4,15,37,1,0,0,0,12,2,0.25,0.0,3
5,16,32,1,0,0,0,15,0,0.0,0.0,0
6,19,35,0,0,1,0,18,3,0.16666666666666666,0.3333333333333333,4
7,29,71,2,1,0,0,21,2,0.14285714285714285,0.0,4
7,23,37,0,0,1,0,21,0,0.0,0.0,0
6,34,60,1,0,2,0,18,3,0.16666666666666666,0.3333333333333333,3
5,14,25,1,0,0,0,15,2,0.2,0.0,1
4,16,23,0,0,0,0,12,0,0.0,0.0,2
3,18,30,1,0,1,0,9,2,0.3333333333333333,0.3333333333333333,2
2,12,17,0,0,1,0,6,2,0.5,0.0,1
1,13,13,0,1,0,0,3,0,0.0,0.0,1
1,7,7,0,0,0,0,3,1,1.0,1.0,0
2,11,21,0,0,0,1,6,2,0.5,0.0,1
3,23,23,1,0,0,0,9,0,0.0,0.0,0
4,21,41,0,0,1,1,12,4,0.25,0.75,0
5,19,47,0,1,1,1,15,2,0.2,0.0,3
6,18,40,1,0,0,1,18,0,0.0,0.0,2
7,29,65,1,0,0,1,21,4,0.14285714285714285,0.42857142857142855,2
7,36,79,1,1,3,0,21,2,0.14285714285714285,0.0,7
7,26,61,1,0,1,0,21,1,0.0,0.0,3
6,14,37,1,0,0,1,18,0,0.0,0.0,2
5,17,32,0,0,0,0,15,3,0.2,0.4,2
4,11,22,0,0,0,0,12,2,0.25,0.0,2
3,16,23,0,1,0,0,9,0,0.0,0.0,2
2,14,14,0,0,1,0,6,2,0.0,0.5,0
1,13,13,0,1,0,0,3,1,0.0,0.0,0
1,5,5,0,0,0,0,3,0,0.0,0.0,0
2,13,17,0,1,0,0,6,2,0.0,0.5,0
3,15,25,0,0,0,0,9,2,0.3333333333333333,0.0,0
4,16,26,1,0,0,0,12,0,0.0,0.0,0
5,12,35,0,0,1,0,15,3,0.2,0.4,2
6,9,22,0,0,0,0,18,5,0.6666666666666666,0.0,0
7,21,54,1,0,0,1,21,0,0.0,0.0,1
7,17,42,1,0,0,0,21,3,0.14285714285714285,0.2857142857142857,1
6,19,49,0,0,1,0,18,2,0.16666666666666666,0.0,2
5,18,32,0,0,1,0,15,0,0.0,0.0,3
4,15,24,0,0,1,0,12,4,0.25,0.75,0
3,5,8,0,0,0,0,9,2,0.3333333333333333,0.0,0
2,8,14,0,0,0,0,6,0,0.0,0.0,0
1,5,5,0,0,0,0,3,1,1.0,1.0,0
1,4,4,0,0,0,0,3,1,1.0,0.0,0
2,7,9,0,0,0,0,6,0,0.0,0.0,0
3,14,21,1,0,0,0,9,2,0.3333333333333333,0.3333333333333333,1
4,19,41,1,1,0,0,12,2,0.25,0.0,3
5,12,37,0,0,1,1,15,0,0.0,0.0,3
6,25,47,1,1,0,0,18,6,0.8333333333333334,0.3333333333333333,2
7,15,36,0,0,0,0,21,2,0.14285714285714285,0.0,3
7,24,59,2,0,0,0,21,0,0.0,0.0,4
6,17,39,0,0,1,0,18,5,0.16666666666666666,0.6666666666666666,1
5,25,51,0,2,1,0,15,2,0.2,0.0,3
4,11,27,0,0,0,1,12,0,0.0,0.0,2
7,30,54,0,1,0,0,21,1,0.0,0.0,2
6,26,47,0,1,0,0,18,0,0.0,0.0,0
5,28,50,1,0,1,0,15,4,0.0,0.6,1
4,16,25,0,0,0,0,12,1,0.0,0.0,0
3,17,21,0,1,0,0,9,0,0.0,0.0,2
2,12,23,0,0,1,1,6,2,0.0,0.5,2
1,6,6,0,0,0,0,3,1,0.0,0.0,0
1,10,10,0,0,0,0,3,0,0.0,0.0,1
2,6,11,0,0,0,0,6,2,0.5,0.0,0
3,10,19,0,0,0,0,9,2,0.3333333333333333,0.0,0
4,16,35,0,0,1,1,12,0,0.0,0.0,1
5,20,31,0,1,0,0,15,3,0.2,0.4,0
6,33,66,2,1,0,1,18,2,0.16666666666666666,0.0,5
7,27,39,0,0,0,0,21,0,0.0,0.0,3
7,29,60,0,1,1,0,21,4,0.14285714285714285,0.42857142857142855,2
6,22,50,0,1,1,0,18,2,0.16666666666666666,0.0,2
5,16,48,1,0,1,0,15,0,0.0,0.0,0
4,7,19,0,0,0,0,12,3,0.25,0.5,0
3,21,34,1,1,0,0,9,2,0.3333333333333333,0.0,3
2,14,14,0,0,0,1,6,0,0.0,0.0,2
1,10,10,0,0,0,0,3,1,1.0,1.0,0
1,6,6,0,0,0,0,3,1,1.0,0.0,0
2,13,23,0,1,0,0,6,0,0.0,0.0,1
3,22,34,0,0,2,0,9,3,0.3333333333333333,0.6666666666666666,1
4,16,29,1,0,0,0,12,2,0.25,0.0,1
5,12,29,0,0,0,0,15,0,0.0,0.0,2
6,27,53,1,1,0,0,18,5,0.16666666666666666,0.6666666666666666,0
7,23,39,0,0,0,1,21,7,1.0,0.0,0
7,29,61,1,0,0,1,21,0,0.0,0.0,2
6,24,36,0,0,0,1,18,4,0.16666666666666666,0.5,1
5,18,27,0,0,0,1,15,2,0.2,0.0,0
4,19,33,0,0,0,0,12,0,0.0,0.0,2
3,22,29,0,0,1,0,9,3,0.3333333333333333,0.6666666666666666,0
2,17,17,1,0,0,0,6,2,0.5,0.0,0
1,8,8,0,0,0,0,3,0,0.0,0.0,1
1,7,7,0,0,0,0,3,1,1.0,1.0,0
2,12,24,0,0,2,0,6,2,0.5,0.0,0
3,12,20,0,0,0,0,9,0,0.0,0.0,0
4,33,40,1,0,0,1,12,3,0.25,0.5,0
5,23,57,0,2,1,0,15,2,0.2,0.0,0
6,27,52,1,0,1,0,18,0,0.0,0.0,4
7,21,57,1,1,0,0,21,6,0.7142857142857143,0.2857142857142857,2
7,29,51,0,2,0,0,21,5,0.5714285714285714,0.0,2
6,14,43,0,0,0,0,18,0,0.0,0.0,2
5,22,48,1,1,0,0,15,3,0.2,0.4,3
4,24,38,0,1,1,1,12,2,0.25,0.0,3
3,18,18,0,0,0,0,9,0,0.0,0.0,2
2,9,14,0,0,0,0,6,2,0.5,0.5,0
1,5,5,0,0,0,0,3,1,1.0,0.0,0
1,9,9,0,0,0,0,3,0,0.0,0.0,0
2,9,13,0,0,0,0,6,2,0.5,0.5,0
3,22,34,0,0,2,0,9,2,0.3333333333333333,0.0,2
4,29,42,0,2,0,0,12,0,0.0,0.0,3
5,21,40,0,0,2,0,15,3,0.2,0.4,2
6,21,46,1,0,0,1,18,2,0.16666666666666666,0.0,2
7,28,52,0,1,1,0,21,0,0.0,0.0,3
7,39,63,1,0,1,0,21,1,0.0,0.0,4
6,26,64,1,0,2,2,18,0,0.0,0.0,3
5,19,35,1,0,0,0,15,3,0.0,0.4,0
4,14,33,1,0,0,1,12,1,0.0,0.0,1
3,11,27,0,0,0,1,9,0,0.0,0.0,1
2,5,9,0,0,0,0,6,2,0.0,0.5,0
1,8,8,0,0,0,0,3,1,1.0,0.0,0
1,10,10,0,0,0,0,3,0,0.0,0.0,0
2,13,15,0,1,0,0,6,2,0.5,0.0,0
3,22,22,1,0,0,0,9,2,0.3333333333333333,0.0,0
4,17,34,0,0,0,0,12,0,0.0,0.0,3
5,18,49,1,0,0,0,15,5,0.2,0.8,1
6,45,62,1,1,1,0,18,2,0.16666666666666666,0.0,4
7,14,42,1,0,0,0,21,0,0.0,0.0,1
7,34,64,1,1,1,1,21,4,0.14285714285714285,0.42857142857142855,4
6,25,44,0,0,1,0,18,2,0.16666666666666666,0.0,1
5,14,38,0,0,1,0,15,0,0.0,0.0,1
4,19,27,0,1,0,0,12,4,0.25,0.75,0
3,14,22,1,0,0,0,9,2,0.3333333333333333,0.0,0
2,7,10,0,0,0,0,6,0,0.0,0.0,0
1,10,10,0,0,0,0,3,1,1.0,0.0,0
1,2,2,0,0,0,0,3,1,1.0,0.0,0
2,11,20,0,0,0,1,6,0,0.0,0.0,1
3,13,16,0,0,0,0,9,3,0.3333333333333333,0.6666666666666666,2
4,24,44,1,0,1,0,12,2,0.25,0.0,3
5,15,40,0,0,1,0,15,0,0.0,0.0,0
6,28,56,0,0,1,1,18,3,0.16666666666666666,0.3333333333333333,2
7,23,51,1,0,1,0,21,2,0.14285714285714285,0.0,2
7,27,54,0,2,1,0,21,0,0.0,0.0,3
6,17,54,0,1,1,0,18,4,0.16666666666666666,0.5,2
5,19,37,1,0,0,0,15,2,0.2,0.0,0
4,11,23,0,0,0,1,12,0,0.0,0.0,0
3,12,26,0,0,1,1,9,3,0.3333333333333333,0.6666666666666666,1
2,11,16,0,0,0,1,6,2,0.5,0.0,0
1,4,4,0,0,0,0,3,0,0.0,0.0,1
1,7,7,0,0,0,0,3,1,1.0,1.0,0
2,4,7,0,0,0,0,6,2,0.5,0.0,0
3,14,21,0,0,0,0,9,0,0.0,0.0,2
4,24,46,0,2,0,1,12,3,0.25,0.5,2
5,21,30,0,0,1,0,15,2,0.2,0.0,2
6,12,30,0,0,0,0,18,0,0.0,0.0,2
7,30,61,2,0,1,0,21,5,0.14285714285714285,0.5714285714285714,1
7,30,72,0,1,1,1,21,2,0.14285714285714285,0.0,5
6,24,58,2,0,0,0,18,0,0.0,0.0,3
5,13,39,0,0,0,0,15,3,0.2,0.4,0
4,14,28,0,0,0,1,12,2,0.25,0.0,0
3,19,28,0,1,0,0,9,0,0.0,0.0,3
2,11,22,0,0,0,2,6,2,0.5,0.5,0
1,5,5,0,0,0,0,3,1,1.0,0.0,0
1,9,9,0,0,0,0,3,0,0.0,0.0,1
2,11,19,0,0,0,1,6,2,0.5,0.5,1
3,12,14,0,0,0,0,9,2,0.3333333333333333,0.0,1
4,18,27,0,0,0,1,12,0,0.0,0.0,1
5,25,43,0,0,2,0,15,4,0.2,0.6,1
6,32,47,1,1,0,0,18,2,0.16666666666666666,0.0,2
7,26,39,0,0,1,0,21,0,0.0,0.0,1
7,28,54,0,0,0,1,21,5,0.14285714285714285,0.5714285714285714,0
7,19,42,0,0,1,0,21,5,0.5714285714285714,0.0,0
6,39,67,1,1,2,0,18,0,0.0,0.0,3
5,20,31,0,0,0,1,15,3,0.0,0.4,0
4,27,48,1,2,0,0,12,1,0.0,0.0,4
3,14,34,1,0,0,1,9,0,0.0,0.0,2
2,9,9,0,0,0,0,6,2,0.0,0.5,1
1,7,7,0,0,0,0,3,1,0.0,0.0,0
1,5,5,0,0,0,0,3,0,0.0,0.0,0
2,10,13,0,0,0,0,6,2,0.5,0.0,0
3,11,18,0,0,0,0,9,2,0.3333333333333333,0.0,0
4,12,25,0,0,0,0,12,0,0.0,0.0,3
5,19,46,0,0,2,1,15,3,0.2,0.4,3
6,15,32,0,0,0,0,18,2,0.16666666666666666,0.0,1
7,27,57,1,1,0,1,21,0,0.0,0.0,3
7,23,63,1,0,1,1,21,5,0.14285714285714285,0.5714285714285714,1
6,24,52,1,1,0,1,18,2,0.16666666666666666,0.0,2
5,28,35,1,0,1,0,15,0,0.0,0.0,1
4,14,28,0,0,0,0,12,3,0.25,0.5,0
3,22,32,0,1,0,0,9,2,0.3333333333333333,0.0,3
2,6,6,0,0,0,0,6,0,0.0,0.0,1
1,13,13,0,1,0,0,3,1,1.0,1.0,0
1,2,2,0,0,0,0,3,1,1.0,0.0,0
2,12,20,0,0,1,0,6,0,0.0,0.0,2
3,10,24,0,0,0,0,9,2,0.3333333333333333,0.3333333333333333,3
4,14,33,1,0,0,0,12,2,0.25,0.0,2
5,26,47,2,0,0,0,15,0,0.0,0.0,4
6,19,38,0,0,0,1,18,4,0.16666666666666666,0.5,1
7,28,34,0,0,1,0,21,7,0.8571428571428571,0.0,0
7,26,53,1,0,1,0,21,0,0.0,0.0,2
6,30,47,1,1,1,0,18,3,0.16666666666666666,0.3333333333333333,1
5,21,43,0,0,1,0,15,2,0.2,0.0,2
4,20,38,0,1,1,0,12,0,0.0,0.0,2
3,10,27,0,0,0,0,9,2,0.3333333333333333,0.3333333333333333,2
2,6,8,0,0,0,0,6,2,0.5,0.0,0
1,2,2,0,0,0,0,3,0,0.0,0.0,0
1,14,14,1,0,0,0,3,1,1.0,1.0,1
2,14,24,1,0,0,0,6,2,0.5,0.0,1
3,22,35,0,2,0,0,9,0,0.0,0.0,3
4,21,42,1,0,0,1,12,4,0.25,0.75,2
5,12,32,0,0,1,0,15,2,0.2,0.0,1
6,24,53,0,0,2,0,18,0,0.0,0.0,4
7,20,51,0,0,2,0,21,5,0.14285714285714285,0.5714285714285714,0
7,24,59,1,1,0,0,21,5,0.5714285714285714,0.0,2
6,22,50,0,0,2,1,18,0,0.0,0.0,4
5,22,39,0,1,0,1,15,4,0.2,0.6,0
4,9,20,0,0,0,0,12,2,0.25,0.0,1
3,8,18,0,0,0,0,9,0,0.0,0.0,0
2,3,5,0,0,0,0,6,2,0.5,0.5,1
1,9,9,0,0,0,0,3,1,1.0,0.0,0
1,8,8,0,0,0,0,3,0,0.0,0.0,1
2,9,14,0,0,0,0,6,2,0.5,1.0,0
3,8,18,0,0,0,0,9,2,0.3333333333333333,0.0,1
4,17,26,0,1,0,0,12,0,0.0,0.0,0
5,16,34,0,0,0,0,15,5,0.8,0.4,0
6,29,51,2,0,0,1,18,2,0.16666666666666666,0.0,2
7,25,64,1,0,0,1,21,0,0.0,0.0,2
7,23,74,2,1,0,0,21,5,0.5714285714285714,0.42857142857142855,2
6,17,42,0,0,1,0,18,2,0.16666666666666666,0.0,1
5,27,36,0,0,1,0,15,0,0.0,0.0,3
4,9,25,0,0,0,0,12,3,0.25,0.5,0
3,25,28,0,1,1,0,9,2,0.3333333333333333,0.0,0
2,6,12,0,0,0,0,6,0,0.0,0.0,0
1,7,7,0,0,0,0,3,1,1.0,1.0,0
1,4,4,0,0,0,0,3,1,1.0,0.0,0
2,14,26,1,0,1,0,6,0,0.0,0.0,1
7,23,66,1,1,0,1,21,1,0.0,0.0,4
6,25,47,0,2,1,0,18,0,0.0,0.0,3
5,22,40,0,0,0,1,15,4,0.0,0.6,0
4,33,47,1,1,0,1,12,1,0.0,0.0,3
3,6,11,0,0,0,0,9,0,0.0,0.0,0
2,13,21,0,1,0,0,6,2,0.0,1.0,0
1,9,9,0,0,0,0,3,1,1.0,0.0,0
1,3,3,0,0,0,0,3,0,0.0,0.0,0
2,15,15,0,0,0,0,6,2,0.5,0.5,1
3,11,21,0,0,0,1,9,2,0.3333333333333333,0.0,1
4,24,36,0,0,1,1,12,0,0.0,0.0,2
5,22,43,0,2,0,0,15,4,0.2,0.6,3
6,18,40,0,0,0,1,18,2,0.16666666666666666,0.0,1
7,26,59,2,1,0,0,21,0,0.0,0.0,3
7,36,47,0,0,1,0,21,6,0.14285714285714285,0.7142857142857143,0
6,35,53,1,1,0,1,18,2,0.16666666666666666,0.0,6
5,19,36,0,0,0,0,15,0,0.0,0.0,2
4,14,52,2,1,0,1,12,3,0.25,0.5,3
3,12,23,0,0,1,0,9,2,0.3333333333333333,0.0,0
2,11,14,0,0,0,1,6,0,0.0,0.0,1
1,12,12,0,0,1,0,3,1,1.0,1.0,0
1,13,13,0,1,0,0,3,1,1.0,0.0,0
2,7,9,0,0,0,0,6,0,0.0,0.0,0
3,13,29,0,1,1,0,9,2,0.3333333333333333,0.3333333333333333,2
4,13,20,0,0,0,0,12,2,0.25,0.0,1
