7,27,47,0,0,0,0,21,0,0.0,0.0,0
6,33,53,1,0,0,1,18,5,0.0,0.6666666666666666,0
5,17,33,0,1,0,0,15,1,0.0,0.0,2
4,13,32,0,0,0,0,12,0,0.0,0.0,4
3,13,16,0,0,0,0,9,2,0.3333333333333333,0.3333333333333333,0
2,14,17,1,0,0,0,6,2,0.0,0.5,1
1,2,2,0,0,0,0,3,0,0.0,0.0,1
1,7,7,0,0,0,0,3,1,0.0,0.0,0
2,14,26,1,0,1,0,6,2,0.0,0.5,1
3,14,27,0,1,0,1,9,0,0.0,0.0,0
4,14,26,0,0,0,0,12,4,0.0,0.75,0
5,17,41,1,1,0,0,15,4,0.0,0.6,0
6,25,69,2,2,1,0,18,0,0.0,0.0,3
7,15,44,0,0,0,0,21,7,0.5714285714285714,0.8571428571428571,1
7,24,57,0,1,0,1,21,6,0.0,0.7142857142857143,1
6,24,46,1,0,0,0,18,0,0.0,0.0,5
5,15,20,0,0,0,0,15,5,0.2,1.0,0
4,13,16,0,0,0,0,12,4,0.0,1.25,0
3,26,39,1,1,1,0,9,0,0.0,0.0,3
2,9,14,0,0,0,0,6,2,0.5,0.0,2
1,3,3,0,0,0,0,3,1,0.0,1.0,0
1,2,2,0,0,0,0,3,0,0.0,0.0,1
2,8,15,0,0,0,0,6,2,1.0,0.5,0
3,14,36,1,0,0,2,9,2,0.0,0.3333333333333333,2
4,12,23,0,0,0,0,12,0,0.0,0.0,0
5,10,24,0,0,0,0,15,5,0.2,1.0,0
6,17,37,0,0,0,0,18,3,0.0,0.3333333333333333,0
7,25,74,1,1,1,1,21,0,0.0,0.0,1
7,27,52,0,0,0,1,21,6,0.14285714285714285,0.7142857142857143,0
6,23,62,0,2,1,2,18,5,0.0,0.6666666666666666,2
5,11,36,0,0,0,0,15,0,0.0,0.0,0
4,12,23,0,0,1,0,12,4,0.25,0.75,0
3,20,30,0,1,0,0,9,2,0.0,0.3333333333333333,0
2,9,14,0,0,0,0,6,0,0.0,0.0,0
1,12,12,0,0,1,0,3,1,1.0,1.0,0
1,7,7,0,0,0,0,3,1,0.0,1.0,0
2,10,12,0,0,0,0,6,0,0.0,0.0,1
3,16,26,0,1,0,0,9,2,0.3333333333333333,0.3333333333333333,2
4,16,30,1,0,1,0,12,2,0.0,0.25,1
5,27,34,0,1,0,0,15,0,0.0,0.0,0
6,36,50,0,0,1,1,18,2,0.16666666666666666,0.16666666666666666,4
7,35,56,0,1,0,1,21,7,0.0,0.8571428571428571,0
7,25,61,0,1,1,1,21,0,0.0,0.0,5
6,18,34,0,1,1,0,18,4,0.3333333333333333,0.5,1
5,14,35,0,0,0,0,15,4,0.0,0.6,0
4,14,32,0,0,0,0,12,0,0.0,0.0,0
3,10,19,0,0,0,0,9,2,0.3333333333333333,0.3333333333333333,3
2,14,16,1,0,0,0,6,2,0.0,0.5,1
1,8,8,0,0,0,0,3,0,0.0,0.0,0
1,7,7,0,0,0,0,3,1,1.0,1.0,0
2,10,18,0,0,0,0,6,2,0.0,0.5,2
3,16,23,0,0,1,0,9,0,0.0,0.0,2
4,17,29,0,0,0,0,12,2,0.25,0.25,0
5,23,33,0,1,0,0,15,5,0.0,0.8,1
6,26,55,0,1,1,0,18,0,0.0,0.0,4
7,38,65,1,1,1,1,21,6,0.14285714285714285,0.7142857142857143,1
7,19,56,0,0,2,0,21,5,0.0,0.5714285714285714,1
6,27,66,1,1,1,0,18,0,0.0,0.0,5
5,28,39,1,0,1,0,15,2,0.2,0.2,1
4,17,28,0,0,0,1,12,2,0.0,0.25,0
3,16,24,1,0,0,0,9,0,0.0,0.0,0
2,8,16,0,0,0,0,6,2,0.5,0.5,0
1,11,11,0,0,0,1,3,1,0.0,1.0,0
1,2,2,0,0,0,0,3,0,0.0,0.0,0
2,8,15,0,0,0,0,6,2,0.5,0.5,0
3,12,22,0,0,1,0,9,3,0.0,0.6666666666666666,1
4,25,39,0,1,1,0,12,0,0.0,0.0,2
5,13,34,0,1,0,0,15,2,0.2,0.2,1
6,21,53,1,1,0,0,18,5,0.0,0.6666666666666666,1
7,15,52,1,1,0,0,21,0,0.0,0.0,0
7,24,63,0,1,1,0,21,4,0.14285714285714285,0.42857142857142855,3
6,24,48,2,0,0,0,18,5,0.0,0.6666666666666666,3
5,20,40,0,1,0,1,15,0,0.0,0.0,1
4,27,37,1,1,0,0,12,3,0.25,0.5,0
3,15,17,0,0,0,0,9,3,0.0,1.0,0
2,6,8,0,0,0,0,6,0,0.0,0.0,0
1,6,6,0,0,0,0,3,1,1.0,1.0,0
1,7,7,0,0,0,0,3,1,0.0,1.0,0
2,7,10,0,0,0,0,6,0,0.0,0.0,1
3,20,33,0,2,0,0,9,2,0.3333333333333333,0.3333333333333333,3
4,9,20,0,0,0,0,12,3,0.0,0.5,0
5,20,43,0,1,1,0,15,0,0.0,0.0,1
6,19,49,0,0,0,0,18,6,0.3333333333333333,0.8333333333333334,0
7,27,78,2,1,1,0,21,2,0.0,0.14285714285714285,3
7,26,60,1,0,1,0,21,0,0.0,0.0,4
6,21,47,1,0,0,0,18,5,0.3333333333333333,0.6666666666666666,1
5,15,50,0,1,1,1,15,5,0.0,1.0,2
4,26,41,1,0,1,0,12,0,0.0,0.0,2
3,12,31,0,0,1,1,9,2,0.3333333333333333,0.3333333333333333,0
2,11,21,0,0,0,1,6,2,0.0,0.5,0
1,14,14,1,0,0,0,3,0,0.0,0.0,1
1,14,14,1,0,0,0,3,1,1.0,1.0,1
2,14,14,0,0,0,1,6,2,0.0,0.5,0
3,13,25,0,1,0,0,9,0,0.0,0.0,0
4,9,23,0,0,0,0,12,2,0.25,0.25,2
5,12,30,0,0,1,0,15,2,0.0,0.2,1
6,23,65,2,0,1,0,18,0,0.0,0.0,5
7,21,58,1,1,0,1,21,2,0.14285714285714285,0.14285714285714285,3
7,23,52,1,0,1,0,21,4,0.0,0.42857142857142855,2
6,13,46,0,0,1,0,18,0,0.0,0.0,2
5,22,45,0,1,1,0,15,4,0.6,0.2,0
4,22,34,0,1,0,0,12,2,0.0,0.25,1
3,23,33,1,0,0,0,9,0,0.0,0.0,3
2,6,11,0,0,0,0,6,2,0.5,0.5,1
1,2,2,0,0,0,0,3,1,0.0,1.0,0
1,14,14,1,0,0,0,3,0,0.0,0.0,1
2,5,10,0,0,0,0,6,2,2.0,0.5,0
3,19,28,0,0,0,0,9,2,0.0,0.3333333333333333,0
4,16,38,0,1,0,2,12,0,0.0,0.0,1
5,20,45,1,0,1,0,15,5,0.2,1.0,0
6,25,65,2,0,0,1,18,4,0.0,0.5,0
7,31,56,0,0,1,1,21,0,0.0,0.0,1
7,21,41,0,1,0,0,21,4,0.42857142857142855,0.2857142857142857,1
6,13,37,0,1,0,0,18,6,0.0,0.8333333333333334,1
5,14,36,0,0,0,0,15,0,0.0,0.0,0
4,13,19,0,0,0,0,12,2,0.25,0.25,0
3,12,15,0,0,0,0,9,2,0.0,0.3333333333333333,2
2,7,13,0,0,0,0,6,0,0.0,0.0,0
1,10,10,0,0,0,0,3,1,1.0,1.0,0
1,14,14,1,0,0,0,3,1,0.0,1.0,0
2,13,25,0,1,1,0,6,0,0.0,0.0,2
3,16,18,0,0,0,0,9,2,0.3333333333333333,0.3333333333333333,2
4,17,23,0,0,0,0,12,4,0.0,1.25,0
5,17,48,1,0,1,1,15,0,0.0,0.0,3
6,23,58,0,0,1,2,18,5,0.3333333333333333,0.6666666666666666,0
7,44,61,1,0,1,1,21,3,0.0,0.2857142857142857,5
7,40,47,0,0,1,0,21,0,0.0,0.0,2
6,28,42,0,0,1,0,18,5,0.5,0.6666666666666666,0
5,16,35,0,1,0,1,15,4,0.0,0.6,0
4,27,44,1,2,0,0,12,0,0.0,0.0,4
3,16,28,0,0,1,0,9,3,0.3333333333333333,1.3333333333333333,0
2,9,11,0,0,0,0,6,2,0.0,0.5,0
1,2,2,0,0,0,0,3,0,0.0,0.0,1
1,3,3,0,0,0,0,3,1,1.0,1.0,0
2,14,26,1,0,1,0,6,2,0.0,1.0,1
3,11,15,0,0,0,0,9,0,0.0,0.0,0
4,15,30,0,0,0,0,12,3,0.5,0.25,1
5,24,34,1,0,0,0,15,5,0.0,1.0,0
6,17,42,0,0,0,0,18,0,0.0,0.0,1
7,35,63,1,0,1,1,21,4,0.42857142857142855,0.14285714285714285,2
7,28,55,0,0,2,0,21,6,0.0,0.7142857142857143,2
6,14,38,1,0,0,0,18,0,0.0,0.0,1
5,20,41,0,0,0,2,15,4,0.2,0.6,1
4,16,29,0,0,0,2,12,3,0.0,0.5,0
3,20,24,0,0,1,0,9,0,0.0,0.0,2
2,10,10,0,0,0,0,6,2,0.5,0.5,0
1,7,7,0,0,0,0,3,1,0.0,1.0,0
1,10,10,0,0,0,0,3,0,0.0,0.0,0
2,3,6,0,0,0,0,6,2,0.5,1.0,0
3,17,28,0,0,1,1,9,2,0.0,0.3333333333333333,1
4,17,34,0,1,0,0,12,0,0.0,0.0,0
5,33,41,1,0,0,0,15,5,0.4,0.8,0
6,15,46,0,0,1,0,18,4,0.0,0.5,1
7,23,77,2,0,1,1,21,0,0.0,0.0,4
7,29,69,2,0,0,0,21,4,0.42857142857142855,0.2857142857142857,3
6,27,43,1,0,0,0,18,4,0.0,0.5,1
5,36,48,1,1,0,0,15,0,0.0,0.0,5
4,15,28,0,1,0,0,12,2,0.25,0.25,4
3,9,21,0,0,0,0,9,3,0.0,0.6666666666666666,2
2,13,13,0,0,0,0,6,0,0.0,0.0,2
1,10,10,0,0,0,0,3,1,1.0,1.0,0
1,14,14,1,0,0,0,3,1,0.0,1.0,1
2,19,19,1,0,0,0,6,0,0.0,0.0,2
3,13,24,0,0,0,1,9,3,0.3333333333333333,0.6666666666666666,0
4,21,33,1,0,1,0,12,4,0.0,0.75,0
5,21,42,0,1,0,1,15,0,0.0,0.0,2
6,30,56,1,0,1,0,18,4,0.5,0.3333333333333333,2
7,28,39,0,0,1,0,21,5,0.0,0.5714285714285714,0
7,40,60,1,2,0,0,21,0,0.0,0.0,5
6,24,40,0,0,0,0,18,4,0.5,0.5,1
5,22,31,0,0,1,0,15,4,0.0,0.6,0
4,11,26,0,0,0,1,12,0,0.0,0.0,1
3,13,22,0,1,0,0,9,2,0.3333333333333333,0.3333333333333333,1
2,5,8,0,0,0,0,6,2,0.0,1.0,0
1,10,10,0,0,0,0,3,0,0.0,0.0,1
1,7,7,0,0,0,0,3,1,1.0,1.0,0
2,11,14,0,0,0,1,6,2,0.0,0.5,1
3,13,36,0,1,1,1,9,0,0.0,0.0,3
4,16,28,0,0,0,0,12,4,0.25,0.75,1
5,37,49,1,0,1,1,15,2,0.0,0.2,3
6,26,50,1,1,0,0,18,0,0.0,0.0,4
7,26,65,1,0,1,1,21,3,0.2857142857142857,0.2857142857142857,1
7,27,54,2,0,0,0,21,5,0.0,0.5714285714285714,0
6,25,42,0,1,0,0,18,0,0.0,0.0,2
5,22,35,0,1,0,0,15,4,0.2,0.6,2
4,24,28,0,1,0,0,12,3,0.0,0.5,1
3,16,30,1,0,1,0,9,0,0.0,0.0,3
2,12,18,0,0,1,0,6,2,0.5,0.5,0
1,2,2,0,0,0,0,3,1,0.0,1.0,0
1,8,8,0,0,0,0,3,0,0.0,0.0,1
2,11,20,0,0,0,1,6,2,0.5,0.5,1
3,12,24,0,0,1,0,9,3,0.0,0.6666666666666666,0
4,14,28,1,0,0,0,12,0,0.0,0.0,1
5,21,35,0,0,0,1,15,4,0.6,0.6,0
6,20,48,0,0,1,1,18,4,0.0,0.5,3
7,29,66,0,1,1,0,21,0,0.0,0.0,4
7,26,47,0,0,1,0,21,3,0.14285714285714285,0.2857142857142857,1
6,29,46,1,0,0,0,18,4,0.0,0.5,3
5,23,37,1,0,1,0,15,0,0.0,0.0,1
4,25,36,1,0,0,1,12,3,0.25,0.5,0
3,11,18,0,0,0,0,9,2,0.0,0.3333333333333333,2
2,11,22,0,0,0,2,6,0,0.0,0.0,1
1,3,3,0,0,0,0,3,1,1.0,1.0,0
1,11,11,0,0,0,1,3,1,0.0,1.0,0
2,5,8,0,0,0,0,6,0,0.0,0.0,0
3,16,24,0,0,0,1,9,3,0.6666666666666666,0.3333333333333333,0
4,18,25,0,0,1,0,12,2,0.0,0.25,2
5,21,35,0,0,0,1,15,0,0.0,0.0,1
6,25,45,0,1,1,0,18,4,0.5,0.5,1
7,16,46,0,1,0,0,21,6,0.0,0.7142857142857143,0
7,33,46,1,0,0,0,21,0,0.0,0.0,0
6,22,55,1,1,1,0,18,4,0.3333333333333333,0.5,1
5,28,43,0,0,1,1,15,2,0.0,0.2,0
4,22,35,1,0,0,0,12,0,0.0,0.0,0
3,16,26,0,0,0,0,9,2,0.3333333333333333,0.3333333333333333,3
2,14,20,1,0,0,0,6,2,0.0,0.5,2
1,6,6,0,0,0,0,3,0,0.0,0.0,1
1,12,12,0,0,1,0,3,1,1.0,1.0,1
2,19,19,0,1,0,0,6,2,0.0,0.5,0
3,11,20,0,0,0,0,9,0,0.0,0.0,0
4,20,28,1,0,0,0,12,4,0.25,0.75,1
5,22,48,1,0,1,0,15,3,0.0,0.4,3
6,31,51,0,0,1,1,18,0,0.0,0.0,4
7,24,55,1,0,0,0,21,5,0.14285714285714285,0.5714285714285714,3
7,22,58,1,1,0,0,21,4,0.0,0.42857142857142855,2
6,22,50,0,1,0,1,18,0,0.0,0.0,0
5,27,43,1,1,0,0,15,2,0.2,0.2,0
4,12,39,0,0,2,1,12,3,0.0,0.5,2
3,6,15,0,0,0,0,9,0,0.0,0.0,0
2,6,9,0,0,0,0,6,2,0.5,0.5,0
1,14,14,1,0,0,0,3,1,0.0,1.0,0
1,2,2,0,0,0,0,3,0,0.0,0.0,1
2,13,25,0,1,1,0,6,2,0.5,0.5,0
3,14,16,0,0,0,1,9,3,0.0,0.6666666666666666,2
4,11,39,0,0,0,1,12,0,0.0,0.0,0
5,25,53,2,0,0,1,15,4,0.6,0.2,1
6,23,36,0,1,0,0,18,3,0.0,0.3333333333333333,3
7,29,62,0,0,1,1,21,0,0.0,0.0,3
7,16,50,0,1,1,0,21,5,0.14285714285714285,0.5714285714285714,0
6,24,51,1,0,1,0,18,6,0.0,0.8333333333333334,1
5,19,40,1,0,0,0,15,0,0.0,0.0,1
4,13,29,0,1,0,0,12,4,0.5,0.75,0
3,13,26,0,1,0,0,9,3,0.0,0.6666666666666666,1
2,12,17,0,0,1,0,6,0,0.0,0.0,2
1,11,11,0,0,0,1,3,1,1.0,1.0,1
1,11,11,0,0,0,1,3,1,0.0,1.0,0
2,13,24,0,1,0,1,6,0,0.0,0.0,2
3,12,29,0,0,1,1,9,2,0.3333333333333333,0.3333333333333333,2
4,14,31,1,0,0,0,12,3,0.0,0.5,1
5,14,19,0,0,0,0,15,0,0.0,0.0,0
6,19,56,0,0,1,0,18,5,0.16666666666666666,0.6666666666666666,2
7,23,70,1,1,1,0,21,4,0.0,0.42857142857142855,2
7,24,47,1,0,0,0,21,0,0.0,0.0,0
6,24,46,0,0,0,1,18,6,0.16666666666666666,0.8333333333333334,1
5,14,29,0,0,0,1,15,4,0.0,0.6,1
4,23,43,1,1,0,0,12,0,0.0,0.0,3
3,14,38,1,0,2,0,9,2,0.3333333333333333,0.3333333333333333,1
2,15,15,0,0,0,0,6,2,0.0,0.5,0
1,14,14,1,0,0,0,3,0,0.0,0.0,1
1,3,3,0,0,0,0,3,1,1.0,1.0,0
2,9,14,0,0,0,0,6,2,0.0,0.5,0
3,14,26,1,0,0,0,9,0,0.0,0.0,0
4,14,35,0,0,1,0,12,4,0.25,0.75,0
5,27,54,1,2,0,0,15,3,0.0,0.4,3
6,24,43,0,0,1,0,18,0,0.0,0.0,2
7,36,71,2,2,0,0,21,5,0.14285714285714285,0.5714285714285714,0
7,16,47,0,0,1,0,21,5,0.0,0.5714285714285714,1
6,21,46,1,0,0,1,18,0,0.0,0.0,0
5,19,42,0,0,1,0,15,4,0.2,0.6,0
4,20,40,0,1,0,1,12,4,0.0,0.75,0
3,16,29,1,1,0,0,9,0,0.0,0.0,3
2,10,20,0,0,0,0,6,2,0.5,0.5,2
1,6,6,0,0,0,0,3,1,0.0,1.0,0
1,5,5,0,0,0,0,3,0,0.0,0.0,1
2,12,20,0,0,1,0,6,2,0.5,0.5,1
3,14,24,1,0,0,0,9,3,0.0,0.6666666666666666,1
4,20,25,0,0,0,0,12,0,0.0,0.0,4
5,29,38,0,1,0,0,15,3,0.4,0.2,1
6,23,50,0,2,0,0,18,4,0.0,0.5,2
7,27,82,2,2,1,1,21,0,0.0,0.0,3
7,22,55,0,0,1,0,21,3,0.2857142857142857,0.14285714285714285,3
6,18,38,0,0,0,1,18,4,0.0,0.5,1
5,22,42,0,0,1,1,15,0,0.0,0.0,0
4,11,25,0,0,0,1,12,2,0.25,0.25,1
3,20,31,0,0,0,2,9,3,0.0,0.6666666666666666,1
2,13,22,0,1,0,0,6,0,0.0,0.0,1
1,11,11,0,0,0,1,3,1,1.0,1.0,0
1,3,3,0,0,0,0,3,1,0.0,1.0,0
2,15,15,0,1,0,0,6,0,0.0,0.0,2
3,13,24,0,1,0,0,9,2,0.3333333333333333,0.3333333333333333,1
4,12,42,0,0,1,1,12,3,0.0,0.5,3
5,16,35,0,0,0,0,15,0,0.0,0.0,1
6,24,56,1,0,0,1,18,3,0.16666666666666666,0.3333333333333333,1
7,21,52,1,1,0,0,21,6,0.0,0.7142857142857143,1
7,14,31,0,0,0,0,21,0,0.0,0.0,0
6,23,46,0,1,1,0,18,4,0.3333333333333333,0.5,3
5,27,52,1,2,0,0,15,4,0.0,0.6,2
4,22,27,0,0,1,0,12,0,0.0,0.0,2
3,14,25,1,0,0,0,9,3,0.3333333333333333,1.0,0
2,12,24,0,0,2,0,6,2,0.0,0.5,0
1,2,2,0,0,0,0,3,0,0.0,0.0,1
1,3,3,0,0,0,0,3,1,1.0,1.0,0
2,13,17,0,1,0,0,6,2,0.0,1.0,0
3,12,27,0,0,1,1,9,0,0.0,0.0,0
4,15,37,0,1,0,1,12,4,0.25,0.75,2
5,22,41,0,0,1,0,15,4,0.0,0.6,0
6,15,33,0,1,0,0,18,0,0.0,0.0,1
7,20,56,0,0,1,0,21,5,0.2857142857142857,0.5714285714285714,0
7,22,69,0,0,3,1,21,4,0.0,0.42857142857142855,1
6,15,40,0,0,0,0,18,0,0.0,0.0,1
5,18,34,0,0,1,0,15,4,0.2,0.6,0
4,20,34,1,0,0,0,12,3,0.0,0.5,1
3,17,26,0,0,0,0,9,0,0.0,0.0,3
2,7,11,0,0,0,0,6,2,0.5,0.5,0
1,3,3,0,0,0,0,3,1,0.0,1.0,0
1,5,5,0,0,0,0,3,0,0.0,0.0,0
2,8,16,0,0,0,0,6,2,1.0,0.5,0
3,16,16,0,0,0,0,9,2,0.0,0.3333333333333333,2
4,10,25,0,0,0,0,12,0,0.0,0.0,0
5,16,29,0,0,0,0,15,4,0.6,0.6,0
6,24,46,0,1,1,0,18,6,0.0,1.0,0
7,26,62,1,0,2,0,21,0,0.0,0.0,2
7,22,59,1,0,0,1,21,5,0.14285714285714285,0.5714285714285714,0
6,29,53,1,0,0,1,18,5,0.0,0.6666666666666666,2
5,19,53,0,1,2,0,15,0,0.0,0.0,3
4,18,22,0,0,0,0,12,2,0.25,0.25,0
3,14,24,1,0,0,0,9,3,0.0,0.6666666666666666,0
2,14,21,1,0,0,0,6,0,0.0,0.0,2
1,5,5,0,0,0,0,3,1,1.0,1.0,0
1,6,6,0,0,0,0,3,1,0.0,1.0,0
2,5,8,0,0,0,0,6,0,0.0,0.0,0
3,11,18,0,0,0,1,9,2,0.3333333333333333,0.3333333333333333,1
4,18,23,0,0,0,1,12,3,0.0,0.5,0
5,22,34,1,0,0,0,15,0,0.0,0.0,1
6,25,57,1,1,0,1,18,4,0.16666666666666666,0.5,2
7,34,66,0,2,0,1,21,5,0.0,0.5714285714285714,5
7,18,52,0,1,0,2,21,0,0.0,0.0,0
6,19,43,0,1,1,0,18,4,0.16666666666666666,0.5,2
5,23,55,0,0,1,3,15,4,0.0,0.6,2
4,10,27,0,0,0,0,12,0,0.0,0.0,0
3,11,17,0,0,0,0,9,2,0.3333333333333333,0.3333333333333333,2
2,20,20,0,0,0,1,6,2,0.0,0.5,0
1,3,3,0,0,0,0,3,0,0.0,0.0,0
1,3,3,0,0,0,0,3,1,1.0,1.0,0
2,21,21,0,0,1,0,6,2,0.0,0.5,2
3,14,28,1,0,1,0,9,0,0.0,0.0,0
4,19,27,0,0,0,0,12,3,0.25,0.5,0
5,14,34,1,0,0,0,15,2,0.0,0.2,1
6,28,43,1,0,0,0,18,0,0.0,0.0,0
7,21,47,1,0,0,0,21,6,0.7142857142857143,0.5714285714285714,0
7,23,51,1,0,0,0,21,7,0.0,0.8571428571428571,0
6,20,49,0,1,1,0,18,0,0.0,0.0,0
5,22,42,0,1,0,0,15,5,0.4,0.8,1
4,16,28,0,0,0,0,12,4,0.0,0.75,0
3,18,27,0,1,0,0,9,0,0.0,0.0,0
2,12,15,0,0,1,0,6,2,0.5,0.5,1
1,8,8,0,0,0,0,3,1,0.0,1.0,0
1,2,2,0,0,0,0,3,0,0.0,0.0,0
2,12,16,0,0,1,0,6,2,1.0,0.5,0
3,14,20,0,0,1,0,9,2,0.0,0.3333333333333333,0
4,22,35,0,0,1,1,12,0,0.0,0.0,3
5,15,34,0,0,0,0,15,3,0.2,0.4,0
6,13,42,0,1,0,1,18,3,0.0,0.3333333333333333,3
7,21,51,0,0,0,1,21,0,0.0,0.0,0
7,20,47,0,1,0,1,21,5,0.2857142857142857,0.5714285714285714,2
6,14,45,0,1,0,1,18,2,0.0,0.16666666666666666,1
5,18,27,0,0,0,1,15,0,0.0,0.0,2
4,22,39,0,0,1,0,12,2,0.25,0.25,3
3,7,16,0,0,0,0,9,3,0.0,0.6666666666666666,0
2,13,22,0,1,0,0,6,0,0.0,0.0,2
1,7,7,0,0,0,0,3,1,1.0,1.0,0
1,14,14,1,0,0,0,3,1,0.0,1.0,0
2,9,15,0,0,0,0,6,0,0.0,0.0,0
3,14,26,1,0,0,0,9,2,0.3333333333333333,0.3333333333333333,2
4,8,27,0,0,0,0,12,4,0.0,0.75,0
5,20,47,1,0,0,0,15,0,0.0,0.0,2
6,23,47,0,1,0,0,18,4,0.5,0.5,0
7,33,81,1,2,1,1,21,2,0.0,0.14285714285714285,5
7,23,53,0,1,1,1,21,0,0.0,0.0,0
6,23,49,1,0,0,0,18,4,0.5,0.16666666666666666,1
5,22,47,0,2,0,0,15,4,0.0,0.6,0
4,18,34,0,0,0,2,12,0,0.0,0.0,0
3,11,23,0,0,0,1,9,3,0.3333333333333333,1.0,0
2,11,20,0,0,0,1,6,2,0.0,0.5,2
1,11,11,0,0,0,1,3,0,0.0,0.0,1
1,14,14,1,0,0,0,3,1,1.0,1.0,0
2,9,14,0,0,0,0,6,2,0.0,1.0,0
3,12,34,0,0,2,0,9,0,0.0,0.0,3
4,13,31,0,1,1,0,12,3,0.5,0.5,0
5,24,46,1,1,0,0,15,3,0.0,0.4,2
6,34,45,1,0,0,0,18,0,0.0,0.0,1
7,29,56,0,1,0,0,21,5,0.14285714285714285,0.5714285714285714,2
7,29,52,0,1,0,0,21,7,0.0,0.8571428571428571,1
6,22,43,0,1,0,0,18,0,0.0,0.0,2
5,18,40,0,0,0,1,15,4,0.6,0.6,1
4,24,41,0,1,0,1,12,3,0.0,0.5,2
3,13,28,0,1,0,0,9,0,0.0,0.0,0
2,13,18,0,1,0,0,6,2,1.0,0.5,0
1,13,13,0,1,0,0,3,1,0.0,1.0,1
1,10,10,0,0,0,0,3,0,0.0,0.0,1
2,14,21,1,0,0,0,6,2,0.5,0.5,0
3,14,20,0,0,0,0,9,2,0.0,0.3333333333333333,0
4,14,24,0,0,1,0,12,0,0.0,0.0,0
5,19,38,0,0,0,1,15,3,0.4,0.2,1
6,25,50,1,1,0,0,18,4,0.0,0.5,0
7,24,53,0,0,1,0,21,0,0.0,0.0,0
7,33,47,0,1,0,0,21,3,0.14285714285714285,0.2857142857142857,1
6,32,51,1,0,1,0,18,5,0.0,0.6666666666666666,3
5,21,34,0,0,0,0,15,0,0.0,0.0,0
4,27,40,1,1,0,0,12,2,0.25,0.25,0
3,20,27,0,1,0,0,9,2,0.0,0.3333333333333333,1
2,10,14,0,0,0,0,6,0,0.0,0.0,0
1,13,13,0,1,0,0,3,1,1.0,1.0,1
1,9,9,0,0,0,0,3,1,0.0,1.0,0
2,10,17,0,0,0,0,6,0,0.0,0.0,0
3,12,33,0,0,2,0,9,2,0.3333333333333333,0.3333333333333333,1
4,19,37,0,1,0,0,12,4,0.0,0.75,1
5,19,45,0,0,0,1,15,0,0.0,0.0,1
6,19,45,1,0,0,0,18,6,0.16666666666666666,0.8333333333333334,0
7,29,57,1,1,1,0,21,5,0.0,0.5714285714285714,1
7,26,76,1,1,3,0,21,0,0.0,0.0,0
6,23,39,0,0,0,0,18,4,0.5,0.16666666666666666,0
5,20,47,0,1,1,0,15,4,0.0,0.6,1
7,30,52,0,0,1,1,21,0,0.0,0.0,1
6,25,50,0,2,0,0,18,5,0.5,0.6666666666666666,0
5,19,45,0,2,0,0,15,4,0.0,0.6,1
4,22,27,0,1,0,0,12,0,0.0,0.0,0
3,14,38,1,1,0,1,9,2,0.0,0.3333333333333333,1
2,14,20,1,0,0,0,6,1,0.0,0.0,0
1,8,8,0,0,0,0,3,0,0.0,0.0,1
1,13,13,0,1,0,0,3,1,0.0,0.0,0
2,11,18,0,0,0,1,6,2,0.0,0.5,0
3,9,12,0,0,0,0,9,0,0.0,0.0,0
4,23,37,1,1,0,0,12,3,0.5,0.25,1
5,19,40,0,0,1,0,15,4,0.0,0.6,1
6,22,60,1,0,1,1,18,0,0.0,0.0,4
7,28,55,0,1,1,0,21,5,0.14285714285714285,0.5714285714285714,2
7,23,56,1,0,2,0,21,7,0.0,0.8571428571428571,0
6,14,42,0,1,0,1,18,0,0.0,0.0,1
5,12,29,0,0,0,1,15,4,0.2,0.6,1
4,14,20,0,0,0,0,12,4,0.0,0.75,0
3,9,22,0,0,0,0,9,0,0.0,0.0,0
2,8,13,0,0,0,0,6,2,0.5,0.0,2
1,9,9,0,0,0,0,3,1,0.0,0.0,1
1,10,10,0,0,0,0,3,0,0.0,0.0,1
2,4,6,0,0,0,0,6,2,0.5,0.5,0
3,18,25,0,0,0,1,9,3,0.0,1.0,1
4,22,33,0,1,0,0,12,0,0.0,0.0,0
5,19,32,0,0,1,1,15,5,0.6,0.8,0
6,12,39,0,0,0,0,18,5,0.0,0.6666666666666666,2
7,45,67,2,1,1,0,21,0,0.0,0.0,5
7,35,58,1,1,0,0,21,3,0.14285714285714285,0.2857142857142857,4
6,18,49,2,0,0,0,18,2,0.0,0.16666666666666666,2
5,36,44,1,1,0,0,15,0,0.0,0.0,4
4,22,26,0,0,0,1,12,4,0.25,0.75,0
3,14,19,1,0,0,0,9,2,0.0,0.3333333333333333,0
2,12,12,0,0,0,0,6,0,0.0,0.0,1
1,4,4,0,0,0,0,3,1,1.0,1.0,0
1,11,11,0,0,0,1,3,1,0.0,1.0,0
2,7,11,0,0,0,0,6,0,0.0,0.0,1
3,17,23,0,0,1,0,9,2,0.3333333333333333,0.3333333333333333,0
4,6,17,0,0,0,0,12,3,0.0,0.5,0
5,19,39,0,0,1,0,15,0,0.0,0.0,3
6,38,50,1,1,0,0,18,3,0.3333333333333333,0.3333333333333333,1
7,14,32,0,0,0,0,21,5,0.0,0.5714285714285714,0
7,17,42,1,0,0,0,21,0,0.0,0.0,4
6,30,52,0,0,1,0,18,4,0.5,0.5,0
5,18,42,0,1,0,1,15,5,0.0,0.8,0
4,5,14,0,0,0,0,12,0,0.0,0.0,2
3,7,12,0,0,0,0,9,3,0.3333333333333333,1.0,0
2,14,27,1,1,0,0,6,2,0.0,1.0,0
1,11,11,0,0,0,1,3,0,0.0,0.0,0
1,6,6,0,0,0,0,3,1,1.0,1.0,0
2,14,17,1,0,0,0,6,2,0.0,0.5,1
3,5,13,0,0,0,0,9,0,0.0,0.0,0
4,25,46,1,1,0,1,12,3,0.5,0.25,1
5,19,36,1,0,0,0,15,2,0.0,0.2,1
6,22,49,1,1,0,0,18,0,0.0,0.0,0
7,30,51,1,0,0,1,21,7,0.14285714285714285,1.0,0
7,24,53,1,1,0,0,21,7,0.0,0.8571428571428571,1
6,19,46,0,0,0,0,18,0,0.0,0.0,0
5,26,40,0,0,1,0,15,3,0.4,0.4,0
4,24,35,1,0,0,0,12,3,0.0,0.5,1
3,22,36,1,0,1,0,9,0,0.0,0.0,1
2,15,15,0,0,0,1,6,2,0.5,0.5,0
1,9,9,0,0,0,0,3,1,0.0,1.0,0
1,3,3,0,0,0,0,3,0,0.0,0.0,1
2,8,16,0,0,0,0,6,2,0.5,0.5,1
3,16,16,0,0,0,0,9,2,0.0,0.3333333333333333,0
4,22,32,0,1,0,0,12,0,0.0,0.0,1
5,14,39,0,0,1,1,15,4,0.2,0.6,1
6,27,49,1,0,0,1,18,6,0.0,1.0,1
7,24,64,0,1,0,4,21,0,0.0,0.0,3
7,26,55,0,1,1,1,21,5,0.2857142857142857,0.5714285714285714,0
6,20,53,0,0,1,2,18,3,0.0,0.3333333333333333,2
5,13,27,0,0,0,1,15,0,0.0,0.0,3
4,25,38,1,0,0,1,12,3,0.25,0.5,1
3,19,32,1,1,0,0,9,3,0.0,1.0,1
2,8,14,0,0,0,0,6,0,0.0,0.0,0
1,8,8,0,0,0,0,3,1,1.0,1.0,0
1,7,7,0,0,0,0,3,1,0.0,1.0,0
2,17,17,0,1,0,0,6,0,0.0,0.0,0
3,13,20,0,0,0,0,9,2,0.3333333333333333,0.3333333333333333,2
4,11,30,0,0,0,1,12,3,0.0,0.5,0
5,18,35,0,1,0,0,15,0,0.0,0.0,0
6,18,40,0,1,0,0,18,4,0.16666666666666666,0.5,1
7,27,52,0,1,1,1,21,5,0.0,0.5714285714285714,3
7,22,48,1,0,0,0,21,0,0.0,0.0,1
6,35,63,2,0,1,0,18,4,0.16666666666666666,0.5,1
5,14,27,0,0,0,1,15,3,0.0,0.4,0
4,28,34,0,1,1,0,12,0,0.0,0.0,0
3,17,28,0,1,0,1,9,2,0.3333333333333333,0.3333333333333333,3
2,8,11,0,0,0,0,6,2,0.0,0.5,0
1,4,4,0,0,0,0,3,0,0.0,0.0,0
1,3,3,0,0,0,0,3,1,1.0,1.0,0
2,11,20,0,0,0,1,6,2,0.0,1.0,0
3,17,29,0,0,2,0,9,0,0.0,0.0,0
4,11,19,0,0,0,0,12,3,0.5,0.5,2
5,22,46,0,0,3,0,15,5,0.0,0.8,0
6,26,36,0,1,0,0,18,0,0.0,0.0,0
7,31,48,1,0,0,0,21,5,0.2857142857142857,0.5714285714285714,0
7,26,60,1,0,0,0,21,5,0.0,0.5714285714285714,3
6,21,55,1,0,0,1,18,0,0.0,0.0,1
5,24,39,0,0,0,1,15,3,0.4,0.2,2
4,32,45,0,1,1,1,12,2,0.0,0.25,2
3,13,21,0,0,0,1,9,0,0.0,0.0,0
2,6,8,0,0,0,0,6,2,0.5,0.5,0
1,8,8,0,0,0,0,3,1,0.0,1.0,0
1,14,14,1,0,0,0,3,0,0.0,0.0,1
2,16,16,0,0,0,0,6,2,0.5,0.5,0
3,13,34,0,1,1,0,9,2,0.0,0.3333333333333333,0
4,16,26,0,0,0,0,12,0,0.0,0.0,0
5,23,44,1,0,0,0,15,4,0.6,0.6,0
6,26,48,0,0,1,1,18,4,0.0,0.5,3
7,35,70,2,0,1,1,21,0,0.0,0.0,6
7,31,53,0,1,0,1,21,5,0.2857142857142857,0.5714285714285714,1
6,28,66,3,0,1,0,18,5,0.0,0.6666666666666666,2
5,13,46,0,1,0,1,15,0,0.0,0.0,0
4,17,35,0,0,1,1,12,2,0.25,0.25,1
3,25,35,0,1,1,0,9,2,0.0,0.3333333333333333,2
2,16,16,0,0,1,0,6,0,0.0,0.0,2
1,3,3,0,0,0,0,3,1,1.0,1.0,0
1,6,6,0,0,0,0,3,1,0.0,1.0,0
2,6,10,0,0,0,0,6,0,0.0,0.0,0
3,10,26,0,0,0,0,9,2,0.3333333333333333,0.3333333333333333,3
4,21,44,0,1,0,1,12,4,0.0,0.75,2
5,20,39,1,0,1,0,15,0,0.0,0.0,1
6,26,46,1,0,1,0,18,5,0.3333333333333333,0.6666666666666666,0
7,16,46,0,0,1,1,21,5,0.0,0.5714285714285714,0
7,22,55,0,0,1,0,21,0,0.0,0.0,3
7,34,73,1,1,1,1,21,0,0.0,0.0,7
6,23,45,1,0,0,0,18,5,0.5,0.6666666666666666,0
5,21,40,0,1,0,0,15,3,0.0,0.4,0
4,14,40,1,0,0,0,12,0,0.0,0.0,0
3,7,14,0,0,0,0,9,2,0.3333333333333333,0.0,1
2,13,15,0,1,0,0,6,1,0.0,0.0,2
1,4,4,0,0,0,0,3,0,0.0,0.0,0
1,8,8,0,0,0,0,3,1,0.0,1.0,0
2,9,12,0,0,0,0,6,1,0.0,0.0,1
3,16,20,0,0,1,0,9,0,0.0,0.0,0
4,17,25,0,0,0,0,12,2,0.25,0.0,0
5,22,55,1,0,2,0,15,3,0.0,0.4,1
6,21,52,0,0,1,0,18,0,0.0,0.0,2
7,29,60,0,1,1,0,21,5,0.14285714285714285,0.5714285714285714,2
7,31,66,0,1,1,2,21,5,0.0,0.5714285714285714,4
6,21,54,0,0,3,0,18,0,0.0,0.0,3
5,25,50,0,1,1,0,15,3,0.2,0.4,0
4,11,24,0,0,0,0,12,2,0.0,0.25,1
3,22,22,0,0,0,0,9,0,0.0,0.0,1
2,10,20,0,0,0,0,6,2,0.5,0.5,1
1,12,12,0,0,1,0,3,1,0.0,1.0,0
1,13,13,0,1,0,0,3,0,0.0,0.0,1
2,17,17,0,0,0,0,6,2,0.5,0.5,1
3,16,24,0,0,0,1,9,2,0.0,0.3333333333333333,0
4,23,39,1,0,0,1,12,0,0.0,0.0,0
5,33,50,1,0,1,0,15,2,0.2,0.2,1
6,18,49,1,0,2,0,18,3,0.0,0.3333333333333333,3
7,17,48,0,1,0,2,21,0,0.0,0.0,1
6,27,59,1,1,0,0,18,4,0.3333333333333333,0.5,2
5,10,34,0,0,0,0,15,1,0.0,0.0,0
4,25,40,1,0,0,1,12,0,0.0,0.0,0
3,11,26,0,0,0,1,9,3,0.6666666666666666,0.0,1
2,12,20,0,0,1,0,6,1,0.0,0.0,2
1,12,12,0,0,1,0,3,0,0.0,0.0,1
1,8,8,0,0,0,0,3,1,0.0,0.0,0
2,11,18,0,0,0,1,6,1,0.0,0.0,2
3,12,19,0,0,1,0,9,0,0.0,0.0,0
4,20,27,0,1,0,0,12,3,0.5,0.25,0
5,8,25,0,0,0,0,15,3,0.0,0.4,0
6,22,52,0,0,0,2,18,0,0.0,0.0,2
7,22,60,1,0,0,0,21,4,0.42857142857142855,0.42857142857142855,1
7,15,44,0,0,0,1,21,5,0.0,0.5714285714285714,1
6,20,45,0,0,1,0,18,0,0.0,0.0,2
5,24,57,0,1,1,2,15,3,0.0,0.4,3
4,13,38,0,2,0,0,12,3,0.0,0.5,1
3,20,24,0,1,0,0,9,0,0.0,0.0,1
2,5,9,0,0,0,0,6,2,0.5,0.5,0
1,2,2,0,0,0,0,3,1,0.0,1.0,0
1,9,9,0,0,0,0,3,0,0.0,0.0,1
2,12,22,0,0,1,0,6,2,0.5,0.5,0
3,11,27,0,0,0,1,9,2,0.0,0.3333333333333333,1
4,17,33,0,0,2,0,12,0,0.0,0.0,0
5,23,44,1,0,0,0,15,5,0.2,0.8,0
6,24,53,1,0,0,1,18,3,0.0,0.3333333333333333,1
7,21,57,0,0,1,1,21,0,0.0,0.0,1
7,36,62,1,1,0,0,21,4,0.42857142857142855,0.42857142857142855,2
6,27,61,1,1,1,0,18,3,0.0,0.3333333333333333,3
5,28,37,0,0,1,0,15,0,0.0,0.0,1
4,25,31,0,1,1,0,12,3,0.5,0.5,0
3,11,25,0,0,0,1,9,3,0.0,0.6666666666666666,0
2,8,15,0,0,0,0,6,0,0.0,0.0,2
1,5,5,0,0,0,0,3,1,1.0,1.0,0
1,6,6,0,0,0,0,3,1,0.0,1.0,1
2,9,14,0,0,0,0,6,0,0.0,0.0,0
3,14,23,0,0,0,0,9,2,0.3333333333333333,0.3333333333333333,2
4,19,23,0,0,0,0,12,4,0.0,0.75,0
5,19,44,0,0,0,1,15,0,0.0,0.0,1
6,19,46,0,0,2,0,18,4,0.3333333333333333,0.5,1
7,15,50,0,0,0,1,21,5,0.0,0.5714285714285714,2
7,23,67,1,1,0,0,21,0,0.0,0.0,1
6,35,53,0,1,1,0,18,4,0.5,0.5,0
5,18,37,0,0,1,0,15,3,0.0,0.4,2
4,13,18,0,0,0,0,12,0,0.0,0.0,0
3,9,15,0,0,0,0,9,2,0.3333333333333333,0.3333333333333333,3
2,12,16,0,0,1,0,6,2,0.0,0.5,0
1,6,6,0,0,0,0,3,0,0.0,0.0,1
1,14,14,1,0,0,0,3,1,1.0,1.0,1
2,4,7,0,0,0,0,6,2,0.0,0.5,0
3,6,10,0,0,0,0,9,0,0.0,0.0,0
4,19,37,1,0,1,0,12,2,0.25,0.25,0
7,28,53,0,0,1,1,21,0,0.0,0.0,2
6,22,50,0,0,2,0,18,4,0.16666666666666666,0.5,3
5,16,31,0,0,1,0,15,3,0.0,0.4,0
4,20,33,0,1,0,0,12,0,0.0,0.0,1
3,15,25,0,1,0,0,9,2,0.0,0.3333333333333333,0
2,10,19,0,0,0,0,6,1,0.0,0.0,1
1,6,6,0,0,0,0,3,0,0.0,0.0,0
1,7,7,0,0,0,0,3,1,0.0,0.0,0
2,12,14,0,0,1,0,6,1,0.0,0.0,0
3,26,39,1,1,1,0,9,0,0.0,0.0,0
4,25,37,0,0,2,0,12,3,0.25,0.5,3
5,24,42,0,1,1,0,15,5,0.0,0.8,0
6,27,48,0,0,1,0,18,0,0.0,0.0,1
7,27,50,2,0,0,0,21,4,0.14285714285714285,0.42857142857142855,1
7,27,66,1,0,0,0,21,3,0.0,0.2857142857142857,2
6,14,39,1,0,0,0,18,0,0.0,0.0,3
5,16,40,1,0,0,1,15,4,0.4,0.6,1
4,20,35,0,0,1,1,12,4,0.0,0.75,0
3,10,28,0,0,0,0,9,0,0.0,0.0,0
2,11,19,0,0,0,1,6,2,0.5,0.0,2
1,14,14,1,0,0,0,3,1,0.0,0.0,1
1,7,7,0,0,0,0,3,0,0.0,0.0,0
2,11,15,0,0,0,1,6,2,1.0,0.5,0
3,17,22,1,0,0,0,9,3,0.0,1.0,0
4,22,36,0,0,1,0,12,0,0.0,0.0,0
5,27,34,0,0,0,1,15,3,0.2,0.4,2
6,19,47,0,0,1,0,18,4,0.0,0.5,0
7,30,54,1,0,1,0,21,0,0.0,0.0,0
7,39,70,2,1,1,1,21,5,0.14285714285714285,0.5714285714285714,2
6,21,42,0,0,1,0,18,5,0.0,0.6666666666666666,0
5,17,51,1,1,0,1,15,0,0.0,0.0,1
4,13,29,0,1,0,0,12,4,0.25,0.75,1
3,9,18,0,0,0,0,9,2,0.0,0.3333333333333333,0
2,11,18,0,0,0,1,6,0,0.0,0.0,0
1,13,13,0,1,0,0,3,1,1.0,1.0,1
1,12,12,0,0,1,0,3,1,0.0,1.0,0
2,11,13,0,0,0,1,6,0,0.0,0.0,0
3,12,20,0,0,1,0,9,3,0.3333333333333333,1.0,0
4,48,48,1,1,1,0,12,3,0.0,0.5,4
5,14,49,1,1,0,0,15,0,0.0,0.0,3
6,40,45,0,1,0,0,18,5,0.16666666666666666,0.6666666666666666,1
7,29,59,1,1,1,0,21,5,0.0,0.5714285714285714,1
7,20,51,0,0,1,0,21,0,0.0,0.0,0
6,21,49,1,0,0,1,18,3,0.3333333333333333,0.3333333333333333,0
5,16,36,0,1,0,1,15,4,0.0,0.6,0
4,18,34,0,0,2,0,12,0,0.0,0.0,1
3,19,30,0,0,1,1,9,2,0.3333333333333333,0.3333333333333333,2
2,9,13,0,0,0,0,6,2,0.0,0.5,0
1,6,6,0,0,0,0,3,0,0.0,0.0,1
1,5,5,0,0,0,0,3,1,1.0,1.0,0
2,6,9,0,0,0,0,6,2,0.0,0.5,0
3,18,21,0,0,0,1,9,0,0.0,0.0,2
4,24,36,0,0,1,1,12,3,0.25,0.5,3
5,23,39,1,1,0,0,15,3,0.0,0.4,3
6,20,59,2,1,0,0,18,0,0.0,0.0,2
7,16,57,1,1,0,0,21,3,0.2857142857142857,0.2857142857142857,2
7,22,47,0,0,1,0,21,5,0.0,0.5714285714285714,0
6,18,45,0,0,1,1,18,0,0.0,0.0,1
5,21,55,0,1,1,1,15,2,0.2,0.2,3
4,13,35,0,1,0,0,12,3,0.0,0.5,2
3,14,18,1,0,0,0,9,0,0.0,0.0,0
2,12,15,0,0,1,0,6,2,0.5,0.5,1
1,12,12,0,0,1,0,3,1,0.0,1.0,0
1,7,7,0,0,0,0,3,0,0.0,0.0,0
2,7,12,0,0,0,0,6,2,0.5,0.5,0
3,13,15,0,0,0,0,9,3,0.0,0.6666666666666666,0
4,24,41,1,0,0,0,12,0,0.0,0.0,2
5,32,48,1,0,1,0,15,3,0.2,0.4,1
6,22,53,1,0,1,0,18,4,0.0,0.5,1
7,23,48,1,0,0,0,21,0,0.0,0.0,0
7,22,54,0,0,1,2,21,5,0.2857142857142857,0.5714285714285714,0
6,24,60,0,1,1,1,18,3,0.0,0.3333333333333333,2
5,31,47,1,0,2,0,15,0,0.0,0.0,1
4,17,31,0,0,0,0,12,3,0.25,0.5,0
3,13,19,0,0,0,0,9,3,0.0,0.6666666666666666,0
2,11,21,0,0,0,1,6,0,0.0,0.0,2
1,3,3,0,0,0,0,3,1,1.0,1.0,0
1,5,5,0,0,0,0,3,1,0.0,1.0,0
2,18,18,0,0,1,0,6,0,0.0,0.0,2
3,13,16,0,0,0,0,9,3,0.6666666666666666,0.3333333333333333,0
4,24,31,0,0,1,0,12,4,0.0,0.75,1
5,30,47,1,2,0,0,15,0,0.0,0.0,1
6,24,55,0,2,0,1,18,3,0.3333333333333333,0.3333333333333333,1
7,29,60,1,1,0,0,21,5,0.0,0.5714285714285714,1
7,24,47,0,0,1,0,21,0,0.0,0.0,1
6,13,37,0,0,0,0,18,3,0.3333333333333333,0.16666666666666666,2
5,25,42,0,1,1,0,15,5,0.0,0.8,0
4,15,28,0,0,0,0,12,0,0.0,0.0,2
3,14,23,1,0,0,0,9,2,0.3333333333333333,0.3333333333333333,1
2,14,14,0,0,1,0,6,2,0.0,1.0,0
1,4,4,0,0,0,0,3,0,0.0,0.0,1
1,9,9,0,0,0,0,3,1,1.0,1.0,0
2,13,26,0,2,0,0,6,2,0.0,0.5,0
3,16,30,1,1,0,0,9,0,0.0,0.0,1
4,14,35,1,0,0,0,12,2,0.25,0.25,1
5,16,40,0,0,0,0,15,3,0.0,0.4,1
6,21,51,0,0,1,2,18,0,0.0,0.0,0
7,35,76,0,2,3,0,21,4,0.14285714285714285,0.42857142857142855,3
7,26,52,1,1,0,0,21,5,0.0,0.5714285714285714,2
6,25,56,0,1,2,0,18,0,0.0,0.0,4
5,17,37,1,1,0,0,15,4,0.4,0.6,0
4,20,38,1,0,0,1,12,3,0.0,0.5,2
3,11,21,0,0,0,0,9,0,0.0,0.0,0
2,23,23,0,0,1,1,6,2,0.5,0.5,0
1,11,11,0,0,0,1,3,1,0.0,1.0,0
1,10,10,0,0,0,0,3,0,0.0,0.0,1
2,23,23,0,0,1,1,6,2,0.5,0.5,1
3,13,32,0,1,0,0,9,2,0.0,0.3333333333333333,1
4,12,24,0,0,1,0,12,0,0.0,0.0,1
5,17,37,0,1,0,1,15,5,0.2,0.8,0
6,18,43,0,1,1,0,18,3,0.0,0.3333333333333333,3
7,31,58,0,1,0,0,21,0,0.0,0.0,2
7,27,60,1,0,1,2,21,4,0.42857142857142855,0.14285714285714285,1
6,24,41,0,0,1,0,18,3,0.0,0.3333333333333333,3
5,15,42,1,1,0,0,15,0,0.0,0.0,0
4,18,22,0,1,0,0,12,4,0.5,0.75,0
3,23,34,1,0,0,1,9,3,0.0,0.6666666666666666,0
7,31,68,1,0,2,0,21,0,0.0,0.0,5
6,19,48,0,0,2,0,18,3,0.3333333333333333,0.3333333333333333,1
5,21,40,1,0,0,0,15,3,0.0,0.4,0
4,20,32,0,0,1,0,12,0,0.0,0.0,1
3,10,19,0,0,0,0,9,1,0.0,0.0,1
2,21,21,0,0,0,1,6,2,0.0,1.0,1
1,7,7,0,0,0,0,3,0,0.0,0.0,1
1,8,8,0,0,0,0,3,1,0.0,0.0,0
2,5,7,0,0,0,0,6,2,0.0,0.5,0
3,24,33,0,1,0,1,9,0,0.0,0.0,2
4,16,39,1,1,0,0,12,2,0.25,0.25,1
5,14,30,0,0,0,0,15,3,0.0,0.4,0
6,22,46,1,0,0,1,18,0,0.0,0.0,2
7,18,51,0,0,1,1,21,3,0.14285714285714285,0.2857142857142857,1
7,33,69,0,2,0,2,21,5,0.0,0.5714285714285714,6
6,25,45,0,0,1,0,18,0,0.0,0.0,0
5,16,37,0,1,0,0,15,3,0.2,0.4,2
4,25,38,1,0,0,1,12,3,0.0,0.5,0
3,11,18,0,0,0,0,9,0,0.0,0.0,3
2,13,19,0,1,0,0,6,2,0.0,0.5,1
1,13,13,0,1,0,0,3,1,0.0,0.0,1
1,5,5,0,0,0,0,3,0,0.0,0.0,1
2,11,11,0,0,0,0,6,2,0.5,0.5,0
3,12,16,0,0,0,0,9,3,0.0,1.0,0
4,15,29,0,0,1,0,12,0,0.0,0.0,3
5,25,44,0,1,1,1,15,3,0.2,0.4,0
6,35,62,0,2,1,0,18,3,0.0,0.3333333333333333,0
7,22,57,0,1,2,0,21,0,0.0,0.0,0
7,30,59,0,1,1,1,21,4,0.2857142857142857,0.42857142857142855,2
6,21,57,0,1,1,1,18,5,0.0,0.6666666666666666,0
5,18,44,0,0,1,1,15,0,0.0,0.0,1
4,22,32,0,0,0,1,12,4,0.75,0.25,1
3,12,25,0,0,1,1,9,3,0.0,0.6666666666666666,0
2,11,14,0,0,0,1,6,0,0.0,0.0,2
1,2,2,0,0,0,0,3,1,1.0,1.0,0
1,12,12,0,0,1,0,3,1,0.0,1.0,1
2,21,21,0,0,0,1,6,0,0.0,0.0,2
3,25,30,0,1,1,0,9,2,0.3333333333333333,0.3333333333333333,2
4,19,31,0,1,0,0,12,2,0.0,0.25,1
5,13,33,0,0,0,1,15,0,0.0,0.0,0
6,25,67,1,2,1,1,18,4,0.16666666666666666,0.5,3
7,18,47,0,1,0,0,21,5,0.0,0.5714285714285714,0
7,23,67,0,1,1,1,21,0,0.0,0.0,2
6,28,57,0,2,0,0,18,4,0.16666666666666666,0.5,3
5,17,40,1,1,0,0,15,3,0.0,0.4,1
4,15,33,0,0,1,0,12,0,0.0,0.0,1
3,17,30,0,1,0,0,9,2,0.3333333333333333,0.3333333333333333,3
2,7,7,0,0,0,0,6,2,0.0,0.5,0
1,2,2,0,0,0,0,3,0,0.0,0.0,1
1,6,6,0,0,0,0,3,1,1.0,1.0,0
2,14,26,1,0,1,0,6,2,0.0,0.5,1
3,18,18,0,0,0,0,9,0,0.0,0.0,0
4,14,29,0,0,0,2,12,4,0.25,0.75,0
5,18,45,1,0,0,1,15,3,0.0,0.4,2
6,23,33,0,0,0,0,18,0,0.0,0.0,0
7,20,43,0,0,0,2,21,5,0.2857142857142857,0.5714285714285714,2
7,32,48,1,0,0,0,21,5,0.0,0.5714285714285714,0
6,24,45,1,1,0,0,18,0,0.0,0.0,0
5,13,42,0,1,0,1,15,4,0.6,0.4,0
4,14,39,0,1,2,0,12,3,0.0,0.5,1
3,15,22,0,0,0,0,9,0,0.0,0.0,0
2,12,17,0,0,1,0,6,2,0.5,0.5,0
1,12,12,0,0,1,0,3,1,0.0,1.0,0
1,4,4,0,0,0,0,3,0,0.0,0.0,1
2,14,24,1,0,0,0,6,2,0.5,0.5,0
3,23,31,0,0,1,1,9,3,0.0,1.0,0
4,7,16,0,0,0,0,12,0,0.0,0.0,0
5,11,30,0,0,0,1,15,3,0.2,0.4,1
6,35,62,0,1,1,1,18,3,0.0,0.3333333333333333,0
7,20,60,1,0,1,0,21,0,0.0,0.0,3
7,21,67,2,0,0,1,21,4,0.2857142857142857,0.42857142857142855,4
6,15,46,0,0,1,0,18,4,0.0,0.5,1
5,19,28,0,0,0,0,15,0,0.0,0.0,2
4,11,23,0,0,0,0,12,2,0.25,0.25,0
3,12,33,0,0,1,1,9,3,0.0,0.6666666666666666,0
2,20,20,0,1,0,0,6,0,0.0,0.0,0
1,9,9,0,0,0,0,3,1,1.0,1.0,0
1,8,8,0,0,0,0,3,1,0.0,1.0,0
2,6,11,0,0,0,0,6,0,0.0,0.0,0
3,10,22,0,0,0,0,9,3,0.6666666666666666,0.3333333333333333,0
4,8,26,0,0,0,0,12,3,0.0,0.5,0
5,20,36,0,0,0,1,15,0,0.0,0.0,2
6,24,66,1,2,0,0,18,3,0.16666666666666666,0.3333333333333333,0
7,37,63,1,0,2,0,21,5,0.0,0.5714285714285714,1
7,15,41,0,0,0,1,21,0,0.0,0.0,0
6,26,53,1,0,1,0,18,3,0.3333333333333333,0.3333333333333333,0
5,24,38,0,0,0,1,15,5,0.0,0.8,0
4,23,35,1,0,0,0,12,0,0.0,0.0,1
3,15,18,0,0,0,1,9,3,0.6666666666666666,0.3333333333333333,0
2,8,14,0,0,0,0,6,2,0.0,1.0,0
1,4,4,0,0,0,0,3,0,0.0,0.0,1
1,11,11,0,0,0,1,3,1,1.0,1.0,0
2,13,21,0,1,0,0,6,2,0.0,1.0,0
3,8,14,0,0,0,0,9,0,0.0,0.0,0
4,6,11,0,0,0,0,12,4,0.5,0.75,0
5,26,41,0,0,0,1,15,4,0.0,0.6,4
6,40,53,1,1,0,0,18,0,0.0,0.0,5
7,17,50,0,0,2,0,21,4,0.42857142857142855,0.42857142857142855,2
7,19,51,0,0,0,1,21,5,0.0,0.5714285714285714,0
6,19,52,1,0,1,1,18,0,0.0,0.0,1
5,19,29,0,0,0,1,15,3,0.4,0.2,1
4,26,49,1,1,1,0,12,3,0.0,0.5,3
3,7,17,0,0,0,0,9,0,0.0,0.0,0
2,9,12,0,0,0,0,6,2,0.5,0.5,0
1,8,8,0,0,0,0,3,1,0.0,1.0,0
1,7,7,0,0,0,0,3,0,0.0,0.0,1
2,8,15,0,0,0,0,6,2,1.0,0.5,0
3,7,13,0,0,0,0,9,3,0.0,0.6666666666666666,0
4,20,39,0,1,0,1,12,0,0.0,0.0,2
5,19,40,1,0,1,0,15,3,0.4,0.2,1
6,16,32,0,0,0,0,18,4,0.0,0.5,0
7,27,66,2,0,1,0,21,0,0.0,0.0,4
6,49,63,2,0,1,1,18,3,0.16666666666666666,0.3333333333333333,6
5,29,38,0,0,1,0,15,4,0.0,0.6,2
4,34,48,1,1,1,0,12,0,0.0,0.0,0
3,14,23,0,0,1,0,9,2,0.0,0.3333333333333333,0
2,11,20,0,0,0,1,6,2,0.0,0.5,1
1,3,3,0,0,0,0,3,0,0.0,0.0,0
1,14,14,1,0,0,0,3,1,0.0,0.0,0
2,14,28,2,0,0,0,6,1,0.0,0.0,2
3,20,28,1,0,0,0,9,0,0.0,0.0,1
4,14,32,1,0,0,0,12,4,0.0,0.75,0
5,18,33,0,0,0,1,15,4,0.0,0.6,0
6,26,51,1,0,1,0,18,0,0.0,0.0,1
7,34,57,0,1,0,1,21,5,0.42857142857142855,0.5714285714285714,2
7,17,52,0,1,1,1,21,5,0.0,0.5714285714285714,0
6,16,40,0,0,1,0,18,0,0.0,0.0,2
5,29,54,1,1,2,0,15,4,0.2,0.6,2
4,19,42,0,1,0,1,12,1,0.0,0.0,4
3,13,23,0,1,0,0,9,0,0.0,0.0,0
2,7,14,0,0,0,0,6,2,0.5,0.5,1
1,12,12,0,0,1,0,3,1,0.0,1.0,0
1,6,6,0,0,0,0,3,0,0.0,0.0,0
2,9,9,0,0,0,0,6,2,0.5,0.5,0
3,22,22,1,0,0,0,9,2,0.0,0.3333333333333333,1
4,21,36,0,1,1,0,12,0,0.0,0.0,3
5,19,41,0,2,0,0,15,4,0.2,0.6,0
6,25,68,0,1,3,0,18,3,0.0,0.3333333333333333,4
7,16,40,0,0,0,1,21,0,0.0,0.0,0
7,23,59,0,0,0,2,21,7,1.0,0.14285714285714285,0
6,14,38,0,0,0,1,18,4,0.0,0.5,0
5,14,29,0,0,0,1,15,0,0.0,0.0,0
4,17,24,1,0,0,0,12,2,0.25,0.25,0
3,9,12,0,0,0,0,9,2,0.0,0.3333333333333333,0
2,11,20,0,0,0,1,6,0,0.0,0.0,0
1,7,7,0,0,0,0,3,1,1.0,1.0,0
1,10,10,0,0,0,0,3,1,0.0,1.0,1
2,4,8,0,0,0,0,6,0,0.0,0.0,0
3,15,27,0,0,1,0,9,2,0.3333333333333333,0.3333333333333333,1
4,9,18,0,0,0,0,12,2,0.0,0.25,0
5,27,48,0,0,2,0,15,0,0.0,0.0,3
6,20,51,0,1,1,0,18,4,0.3333333333333333,0.5,2
7,17,46,0,0,0,1,21,4,0.0,0.42857142857142855,3
7,36,70,2,0,0,2,21,0,0.0,0.0,5
6,26,49,0,0,1,2,18,4,0.16666666666666666,0.5,3
5,19,41,0,0,0,2,15,3,0.0,0.4,0
4,22,48,2,0,1,0,12,0,0.0,0.0,3
3,13,32,0,1,0,1,9,2,0.3333333333333333,0.3333333333333333,2
2,19,19,1,0,0,0,6,2,0.0,0.5,0
1,13,13,0,1,0,0,3,0,0.0,0.0,1
1,8,8,0,0,0,0,3,1,1.0,1.0,0
2,11,11,0,0,0,0,6,2,0.0,0.5,0
3,20,23,0,0,0,1,9,0,0.0,0.0,0
4,21,26,1,0,0,0,12,3,0.25,0.5,0
5,23,45,1,0,1,1,15,4,0.0,0.6,0
6,19,35,0,1,0,0,18,0,0.0,0.0,1
7,21,64,1,1,0,2,21,5,0.2857142857142857,0.5714285714285714,0
7,15,52,1,1,0,0,21,3,0.0,0.2857142857142857,2
6,37,41,0,1,1,0,18,0,0.0,0.0,0
5,12,33,0,0,0,1,15,4,0.2,0.6,0
4,22,43,0,0,1,1,12,3,0.0,0.5,2
3,17,30,0,2,0,0,9,0,0.0,0.0,1
2,5,9,0,0,0,0,6,2,0.5,0.5,0
1,10,10,0,0,0,0,3,1,0.0,1.0,0
1,14,14,1,0,0,0,3,0,0.0,0.0,1
2,11,19,0,0,0,1,6,2,1.0,0.5,0
3,14,24,1,0,0,0,9,2,0.0,0.3333333333333333,1
4,14,20,0,0,0,0,12,0,0.0,0.0,1
5,13,30,0,1,0,0,15,3,0.4,0.2,0
6,10,28,0,0,0,0,18,5,0.0,0.6666666666666666,0
7,20,41,0,0,0,1,21,0,0.0,0.0,0
7,19,40,0,0,0,1,21,7,0.42857142857142855,1.0,0
6,23,54,2,0,0,0,18,5,0.0,0.6666666666666666,0
5,15,40,0,1,1,0,15,0,0.0,0.0,1
4,28,39,0,0,1,1,12,2,0.25,0.25,2
3,10,20,0,0,0,0,9,3,0.0,0.6666666666666666,0
2,14,23,1,0,0,0,6,0,0.0,0.0,2
1,5,5,0,0,0,0,3,1,1.0,1.0,0
1,12,12,0,0,1,0,3,1,0.0,1.0,0
2,14,14,0,0,1,0,6,0,0.0,0.0,2
3,22,33,0,0,1,1,9,3,0.3333333333333333,1.0,0
4,16,24,0,0,0,0,12,4,0.0,0.75,0
5,14,31,1,0,0,0,15,0,0.0,0.0,1
6,13,42,0,0,0,0,18,5,0.3333333333333333,0.6666666666666666,1
7,32,55,0,1,0,2,21,0,0.0,0.0,4
6,17,32,0,0,0,0,18,5,0.3333333333333333,0.6666666666666666,1
5,25,46,1,0,0,2,15,4,0.0,0.6,2
4,7,20,0,0,0,0,12,0,0.0,0.0,0
3,11,17,0,0,0,1,9,2,0.3333333333333333,0.0,0
2,8,11,0,0,0,0,6,2,0.0,1.0,0
1,8,8,0,0,0,0,3,0,0.0,0.0,1
1,9,9,0,0,0,0,3,1,0.0,0.0,0
2,4,7,0,0,0,0,6,2,0.0,0.5,0
3,11,18,0,0,0,0,9,0,0.0,0.0,0
4,23,34,1,0,0,0,12,3,0.5,0.0,2
5,18,26,0,0,0,0,15,4,0.0,0.6,0
6,24,65,1,2,1,1,18,0,0.0,0.0,4
7,36,61,1,1,0,0,21,5,0.42857142857142855,0.5714285714285714,1
7,21,53,0,0,1,2,21,3,0.0,0.2857142857142857,0
6,29,39,0,1,1,0,18,0,0.0,0.0,0
5,14,44,1,0,0,0,15,3,0.2,0.4,0
4,12,27,0,0,1,0,12,3,0.0,0.5,0
3,16,29,0,1,1,0,9,0,0.0,0.0,1
2,6,11,0,0,0,0,6,2,0.0,0.5,1
1,2,2,0,0,0,0,3,1,0.0,1.0,0
1,13,13,0,1,0,0,3,0,0.0,0.0,1
2,14,14,0,0,0,0,6,2,0.5,0.5,0
3,12,19,0,0,1,0,9,2,0.0,0.3333333333333333,2
4,13,23,0,1,0,0,12,0,0.0,0.0,1
5,24,50,0,1,0,2,15,3,0.2,0.4,2
6,30,55,0,1,1,1,18,3,0.0,0.3333333333333333,4
7,30,74,0,3,1,1,21,0,0.0,0.0,4
7,20,59,0,1,1,0,21,3,0.14285714285714285,0.2857142857142857,0
6,24,34,0,1,0,0,18,5,0.0,0.6666666666666666,0
5,25,45,0,1,0,1,15,0,0.0,0.0,0
4,22,32,0,1,0,0,12,3,0.25,0.5,1
3,13,19,0,0,0,0,9,3,0.0,0.6666666666666666,0
2,7,11,0,0,0,0,6,0,0.0,0.0,1
1,3,3,0,0,0,0,3,1,1.0,1.0,0
1,3,3,0,0,0,0,3,1,0.0,1.0,0
2,15,15,0,1,0,0,6,0,0.0,0.0,2
3,10,24,0,0,0,0,9,2,0.3333333333333333,0.3333333333333333,1
4,19,32,0,1,0,0,12,3,0.0,0.5,1
5,12,19,0,0,0,0,15,0,0.0,0.0,2
6,28,50,0,1,2,0,18,4,0.16666666666666666,0.5,1
7,25,49,1,0,0,1,21,3,0.0,0.2857142857142857,1
7,23,56,0,0,1,1,21,0,0.0,0.0,0
6,31,48,1,0,0,0,18,5,0.16666666666666666,0.6666666666666666,0
5,23,50,0,1,1,2,15,3,0.0,0.4,4
4,13,35,0,1,0,0,12,0,0.0,0.0,0
3,37,37,1,0,1,1,9,2,0.3333333333333333,0.3333333333333333,3
2,13,17,0,1,0,0,6,2,0.0,0.5,0
1,7,7,0,0,0,0,3,0,0.0,0.0,1
1,2,2,0,0,0,0,3,1,1.0,1.0,0
2,11,20,0,0,0,1,6,2,0.0,0.5,0
3,18,27,0,1,0,0,9,0,0.0,0.0,0
4,19,40,0,0,0,1,12,2,0.25,0.25,2
5,16,39,0,0,2,0,15,3,0.0,0.4,2
6,29,61,1,1,0,1,18,0,0.0,0.0,6
7,23,47,0,0,1,0,21,4,0.42857142857142855,0.14285714285714285,3
7,18,37,0,0,0,0,21,5,0.0,0.5714285714285714,2
6,25,47,0,1,0,0,18,0,0.0,0.0,0
5,27,47,1,1,0,1,15,2,0.2,0.2,2
4,17,22,0,0,0,0,12,3,0.0,0.5,1
3,12,24,0,0,1,0,9,0,0.0,0.0,0
2,10,18,0,0,0,0,6,2,0.5,0.5,0
1,2,2,0,0,0,0,3,1,0.0,1.0,0
7,25,52,0,1,1,0,21,0,0.0,0.0,1
6,19,32,0,0,0,0,18,5,0.16666666666666666,0.6666666666666666,0
5,16,36,0,0,1,0,15,4,0.0,0.6,0
4,43,43,1,1,1,0,12,0,0.0,0.0,4
3,10,16,0,0,0,0,9,2,0.3333333333333333,0.3333333333333333,1
2,14,14,0,0,0,0,6,2,0.0,1.5,0
1,6,6,0,0,0,0,3,0,0.0,0.0,0
1,6,6,0,0,0,0,3,1,0.0,0.0,1
2,6,11,0,0,0,0,6,2,0.0,0.5,0
3,14,24,0,0,1,0,9,0,0.0,0.0,1
4,13,43,0,1,0,0,12,3,0.5,0.0,2
5,15,31,0,0,1,0,15,3,0.0,0.4,0
6,21,44,0,2,0,0,18,0,0.0,0.0,2
7,19,38,0,1,0,0,21,4,0.42857142857142855,0.42857142857142855,0
7,25,54,0,2,0,0,21,5,0.0,0.5714285714285714,2
6,22,35,1,0,0,0,18,0,0.0,0.0,1
5,11,30,0,0,0,1,15,3,0.0,0.4,3
4,24,48,0,2,0,2,12,3,0.0,0.5,3
3,13,34,0,1,1,0,9,0,0.0,0.0,1
2,10,16,0,0,0,0,6,2,0.5,0.0,2
1,4,4,0,0,0,0,3,1,0.0,1.0,0
1,9,9,0,0,0,0,3,0,0.0,0.0,1
2,27,27,1,1,0,0,6,2,1.0,0.5,1
3,7,17,0,0,0,0,9,2,0.0,0.3333333333333333,0
4,16,32,0,0,0,1,12,0,0.0,0.0,1
5,18,53,1,0,1,1,15,3,0.4,0.2,1
6,28,57,0,1,1,1,18,3,0.0,0.3333333333333333,3
7,30,73,2,2,0,1,21,0,0.0,0.0,5
7,19,50,1,0,1,1,21,4,0.42857142857142855,0.14285714285714285,2
6,24,48,0,1,0,2,18,3,0.0,0.3333333333333333,0
5,14,29,0,0,0,1,15,0,0.0,0.0,1
4,11,36,0,0,0,1,12,2,0.25,0.25,2
3,14,32,1,0,0,1,9,3,0.0,0.6666666666666666,0
2,8,16,0,0,0,0,6,0,0.0,0.0,2
1,12,12,0,0,1,0,3,1,1.0,1.0,0
1,11,11,0,0,0,1,3,1,0.0,1.0,0
2,13,24,0,1,0,1,6,0,0.0,0.0,2
3,21,28,0,0,0,1,9,2,0.3333333333333333,0.3333333333333333,2
4,19,32,0,0,1,0,12,3,0.0,0.5,0
5,19,35,0,0,0,0,15,0,0.0,0.0,2
6,29,44,1,1,0,0,18,4,0.5,0.5,0
7,30,51,0,0,1,1,21,5,0.0,0.5714285714285714,0
7,22,49,1,0,1,0,21,0,0.0,0.0,3
6,30,48,0,1,1,0,18,4,0.5,0.3333333333333333,0
5,13,39,0,0,1,0,15,4,0.0,0.6,0
4,27,44,2,1,0,0,12,0,0.0,0.0,1
3,11,32,0,0,0,2,9,2,0.3333333333333333,0.3333333333333333,2
2,25,25,1,0,0,1,6,2,0.0,0.5,0
1,6,6,0,0,0,0,3,0,0.0,0.0,1
1,12,12,0,0,1,0,3,1,1.0,1.0,0
2,23,23,0,0,1,1,6,2,0.0,1.0,0
3,13,25,0,0,1,0,9,0,0.0,0.0,0
4,14,39,0,1,2,0,12,3,0.25,0.5,0
5,24,47,0,2,0,0,15,3,0.0,0.4,2
6,35,61,1,2,0,1,18,0,0.0,0.0,6
7,27,60,0,1,1,0,21,3,0.14285714285714285,0.2857142857142857,5
7,30,58,0,1,1,1,21,5,0.0,0.5714285714285714,4
6,39,47,1,0,0,0,18,0,0.0,0.0,4
5,26,55,2,0,1,0,15,2,0.2,0.2,3
4,13,34,0,1,0,0,12,4,0.0,0.75,2
3,15,17,0,0,0,0,9,0,0.0,0.0,0
7,23,64,0,2,1,0,21,0,0.0,0.0,3
6,26,51,1,0,1,0,18,5,0.16666666666666666,0.6666666666666666,2
5,19,38,0,1,0,0,15,3,0.0,0.4,2
4,17,32,0,0,0,1,12,0,0.0,0.0,1
3,16,25,0,0,1,0,9,2,0.3333333333333333,0.0,0
2,10,10,0,0,0,0,6,2,0.0,0.5,0
1,8,8,0,0,0,0,3,0,0.0,0.0,1
1,7,7,0,0,0,0,3,1,1.0,0.0,0
2,11,13,0,0,0,1,6,1,0.0,0.0,2
3,8,16,0,0,0,0,9,0,0.0,0.0,1
4,18,35,0,1,1,0,12,3,0.0,0.5,1
5,20,41,0,0,0,1,15,3,0.0,0.4,2
6,25,48,1,1,0,0,18,0,0.0,0.0,1
7,23,64,0,1,1,0,21,5,0.42857142857142855,0.5714285714285714,1
7,27,51,0,0,0,1,21,5,0.0,0.5714285714285714,0
6,25,57,2,0,0,1,18,0,0.0,0.0,1
5,24,48,1,0,0,0,15,4,0.2,0.6,1
4,21,30,1,0,0,0,12,4,0.0,0.75,0
3,12,26,0,0,1,0,9,0,0.0,0.0,0
2,10,18,0,0,0,0,6,2,0.5,1.0,0
1,12,12,0,0,1,0,3,1,0.0,1.0,0
1,8,8,0,0,0,0,3,0,0.0,0.0,1
2,13,24,0,1,0,1,6,2,1.0,0.0,0
3,26,34,1,0,1,0,9,2,0.0,0.3333333333333333,1
4,16,29,0,1,0,0,12,0,0.0,0.0,1
5,23,42,0,1,1,0,15,3,0.2,0.4,1
6,19,39,0,0,0,1,18,4,0.0,0.5,3
7,27,52,0,0,0,1,21,0,0.0,0.0,0
7,34,71,1,1,0,1,21,3,0.14285714285714285,0.2857142857142857,5
6,24,49,1,1,0,1,18,5,0.0,0.6666666666666666,0
5,29,50,2,0,1,0,15,0,0.0,0.0,4
4,11,30,0,0,0,1,12,3,0.5,0.25,0
3,14,23,0,0,0,0,9,2,0.0,0.3333333333333333,1
2,8,10,0,0,0,0,6,0,0.0,0.0,2
1,10,10,0,0,0,0,3,1,1.0,1.0,0
1,11,11,0,0,0,1,3,1,0.0,1.0,0
2,6,11,0,0,0,0,6,0,0.0,0.0,1
3,12,18,0,0,0,0,9,2,0.3333333333333333,0.3333333333333333,1
4,21,38,0,1,1,0,12,3,0.0,0.5,1
5,29,38,0,0,1,0,15,0,0.0,0.0,1
6,20,31,0,0,0,0,18,3,0.3333333333333333,0.3333333333333333,0
7,18,54,2,0,0,0,21,4,0.0,0.42857142857142855,2
7,32,62,0,1,1,1,21,0,0.0,0.0,2
6,29,56,1,2,0,1,18,4,0.5,0.5,4
5,18,50,0,1,0,1,15,4,0.0,0.6,2
4,17,27,0,0,1,0,12,0,0.0,0.0,3
3,19,30,0,0,0,1,9,2,0.3333333333333333,0.3333333333333333,3
2,21,21,0,1,0,0,6,2,0.0,0.5,1
1,7,7,0,0,0,0,3,0,0.0,0.0,1
1,4,4,0,0,0,0,3,1,1.0,1.0,0
2,3,5,0,0,0,0,6,2,0.0,0.5,0
3,19,31,0,1,1,0,9,0,0.0,0.0,3
4,8,21,0,0,0,0,12,2,0.25,0.25,0
5,22,33,0,0,1,0,15,3,0.0,0.4,0
6,32,57,1,0,1,1,18,0,0.0,0.0,4
7,25,73,1,1,2,0,21,3,0.2857142857142857,0.2857142857142857,2
7,26,62,1,2,0,0,21,4,0.0,0.42857142857142855,2
6,18,38,0,0,1,0,18,0,0.0,0.0,1
5,19,43,0,0,1,2,15,5,0.2,0.8,0
4,19,45,1,1,1,0,12,3,0.0,0.5,3
3,16,25,0,1,0,0,9,0,0.0,0.0,0
2,15,15,0,0,0,1,6,2,1.0,0.5,1
1,13,13,0,1,0,0,3,1,0.0,1.0,0
1,6,6,0,0,0,0,3,0,0.0,0.0,1
2,11,14,0,0,0,1,6,2,0.5,0.5,1
3,18,27,1,0,0,0,9,2,0.0,0.3333333333333333,1
4,5,15,0,0,0,0,12,0,0.0,0.0,0
5,18,35,0,0,0,0,15,4,0.2,0.6,2
6,23,53,0,1,1,1,18,5,0.0,0.6666666666666666,1
7,25,65,0,0,2,0,21,0,0.0,0.0,2
7,23,57,0,0,2,1,21,4,0.42857142857142855,0.2857142857142857,3
6,21,41,1,0,0,0,18,4,0.0,0.5,1
5,12,23,0,0,0,0,15,0,0.0,0.0,0
7,30,56,1,1,0,0,21,0,0.0,0.0,0
6,25,32,0,0,0,0,18,3,0.3333333333333333,0.3333333333333333,0
5,12,24,0,0,0,0,15,5,0.0,0.8,0
4,13,30,0,0,0,0,12,0,0.0,0.0,2
3,19,21,0,1,0,0,9,2,0.0,0.3333333333333333,2
2,21,21,0,1,0,0,6,2,0.0,0.5,0
1,11,11,0,0,0,1,3,0,0.0,0.0,1
1,11,11,0,0,0,1,3,1,0.0,0.0,0
2,12,18,0,0,1,0,6,2,0.0,1.0,0
3,10,26,0,0,0,0,9,0,0.0,0.0,0
4,25,43,2,0,0,1,12,2,0.25,0.25,1
5,26,43,0,1,0,1,15,3,0.0,0.4,1
6,25,46,2,0,0,1,18,0,0.0,0.0,1
7,19,56,0,0,1,0,21,6,0.42857142857142855,0.7142857142857143,0
7,28,61,1,1,0,0,21,5,0.0,0.5714285714285714,2
6,24,60,2,0,0,1,18,0,0.0,0.0,2
5,24,42,0,0,0,1,15,2,0.2,0.2,4
4,18,44,0,2,0,0,12,3,0.0,0.5,1
3,13,19,0,0,0,0,9,0,0.0,0.0,0
2,16,16,0,0,1,0,6,2,0.5,0.0,1
1,10,10,0,0,0,0,3,1,0.0,0.0,1
1,10,10,0,0,0,0,3,0,0.0,0.0,0
2,6,8,0,0,0,0,6,2,0.5,0.5,0
3,8,17,0,0,0,0,9,3,0.0,0.6666666666666666,0
4,19,40,1,0,0,1,12,0,0.0,0.0,1
5,20,38,1,0,0,0,15,3,0.2,0.4,1
6,17,29,0,1,0,0,18,3,0.0,0.3333333333333333,0
7,16,45,0,0,1,0,21,0,0.0,0.0,0
7,23,63,2,0,0,0,21,3,0.14285714285714285,0.2857142857142857,5
6,20,48,0,1,0,1,18,3,0.0,0.3333333333333333,1
5,19,41,0,1,0,0,15,0,0.0,0.0,0
4,33,43,1,0,0,1,12,2,0.25,0.25,1
3,13,20,0,1,0,0,9,2,0.0,0.3333333333333333,0
2,11,17,0,0,0,1,6,0,0.0,0.0,1
1,7,7,0,0,0,0,3,1,1.0,1.0,0
1,10,10,0,0,0,0,3,1,0.0,1.0,0
2,8,13,0,0,0,0,6,0,0.0,0.0,0
3,7,15,0,0,0,0,9,2,0.3333333333333333,0.3333333333333333,1
4,14,37,1,0,0,1,12,4,0.0,0.75,0
5,21,41,1,0,0,1,15,0,0.0,0.0,1
6,18,46,0,2,1,0,18,3,0.16666666666666666,0.3333333333333333,2
7,18,59,1,1,0,1,21,4,0.0,0.42857142857142855,2
7,24,50,0,0,1,1,21,0,0.0,0.0,0
7,21,41,0,0,1,0,21,0,0.0,0.0,3
6,18,29,0,0,0,0,18,4,0.16666666666666666,0.5,1
5,27,52,1,1,0,1,15,3,0.0,0.4,1
4,14,39,1,0,1,1,12,0,0.0,0.0,1
3,17,22,0,1,0,0,9,2,0.3333333333333333,0.0,0
2,10,14,0,0,0,0,6,2,0.0,0.5,0
1,12,12,0,0,1,0,3,0,0.0,0.0,1
1,4,4,0,0,0,0,3,1,0.0,1.0,0
2,9,16,0,0,0,0,6,2,0.0,0.5,0
3,20,28,0,0,0,1,9,0,0.0,0.0,3
4,18,36,0,0,0,2,12,3,0.25,0.5,1
5,23,38,0,1,0,0,15,3,0.0,0.4,1
6,26,65,1,1,1,0,18,0,0.0,0.0,6
7,29,73,1,0,2,0,21,5,0.2857142857142857,0.5714285714285714,2
7,30,60,1,1,1,0,21,3,0.0,0.2857142857142857,2
6,22,47,1,0,0,0,18,0,0.0,0.0,1
5,15,36,0,0,1,0,15,2,0.2,0.2,1
4,24,33,0,1,0,1,12,4,0.0,0.75,2
3,9,16,0,0,0,0,9,0,0.0,0.0,0
2,23,23,1,0,0,0,6,2,0.5,0.0,2
1,6,6,0,0,0,0,3,1,0.0,1.0,0
1,3,3,0,0,0,0,3,0,0.0,0.0,1
2,12,14,0,0,1,0,6,2,0.5,0.5,0
3,26,31,1,0,1,0,9,2,0.0,0.3333333333333333,1
4,14,27,0,0,0,0,12,0,0.0,0.0,1
5,16,37,0,0,0,1,15,3,0.2,0.4,0
6,32,62,2,0,0,0,18,3,0.0,0.3333333333333333,4
7,16,48,1,1,0,0,21,0,0.0,0.0,0
7,18,43,0,0,0,0,21,5,0.42857142857142855,0.5714285714285714,0
6,21,44,1,0,0,0,18,5,0.0,0.6666666666666666,0
5,21,45,1,1,0,1,15,0,0.0,0.0,0
4,12,28,0,0,1,0,12,2,0.25,0.25,0
7,31,54,0,1,0,0,21,0,0.0,0.0,2
6,23,55,2,0,0,1,18,5,0.3333333333333333,0.6666666666666666,1
5,16,39,0,0,0,0,15,4,0.0,0.6,2
4,11,24,0,0,0,1,12,0,0.0,0.0,4
3,7,12,0,0,0,0,9,1,0.0,0.0,0
2,17,17,0,0,0,0,6,2,0.0,0.5,0
1,6,6,0,0,0,0,3,0,0.0,0.0,1
1,9,9,0,0,0,0,3,1,0.0,0.0,0
2,27,27,1,1,0,0,6,1,0.0,0.0,2
3,14,35,1,1,0,0,9,0,0.0,0.0,1
4,24,51,1,2,0,1,12,3,0.5,0.0,3
5,30,40,0,1,0,1,15,3,0.0,0.4,0
6,26,49,0,1,0,0,18,0,0.0,0.0,0
7,19,53,0,1,1,0,21,3,0.14285714285714285,0.2857142857142857,2
7,18,53,1,1,0,1,21,4,0.0,0.42857142857142855,2
6,15,38,0,1,0,0,18,0,0.0,0.0,4
5,48,60,1,1,1,1,15,3,0.4,0.2,4
4,17,25,1,0,0,0,12,3,0.0,0.5,2
3,26,26,1,0,0,0,9,0,0.0,0.0,0
2,12,15,0,0,1,0,6,2,0.5,0.5,0
1,12,12,0,0,1,0,3,1,0.0,1.0,0
1,8,8,0,0,0,0,3,0,0.0,0.0,1
2,14,27,1,1,0,0,6,2,0.5,0.5,0
3,12,22,0,0,0,0,9,3,0.0,0.6666666666666666,1
4,16,30,0,1,0,1,12,0,0.0,0.0,2
5,24,41,0,0,1,1,15,2,0.2,0.2,2
6,19,44,0,0,0,1,18,5,0.0,0.6666666666666666,2
7,42,74,2,0,1,1,21,0,0.0,0.0,6
7,25,66,0,1,2,1,21,4,0.42857142857142855,0.14285714285714285,4
6,18,46,0,0,0,0,18,4,0.0,0.5,2
5,14,45,1,1,0,0,15,0,0.0,0.0,1
4,18,32,0,1,0,1,12,2,0.25,0.25,1
3,18,18,0,0,1,0,9,3,0.0,0.6666666666666666,0
2,11,17,0,0,0,1,6,0,0.0,0.0,2
1,3,3,0,0,0,0,3,1,1.0,1.0,0
1,5,5,0,0,0,0,3,1,0.0,1.0,0
2,13,13,0,0,0,0,6,0,0.0,0.0,1
3,24,24,0,0,1,0,9,2,0.3333333333333333,0.3333333333333333,3
4,23,27,0,0,1,0,12,3,0.0,0.5,2
5,23,46,1,0,0,0,15,0,0.0,0.0,0
6,34,57,0,0,1,2,18,4,0.5,0.16666666666666666,0
7,47,59,0,0,1,1,21,3,0.0,0.2857142857142857,5
7,27,61,1,1,0,2,21,0,0.0,0.0,4
6,14,36,0,0,0,1,18,2,0.16666666666666666,0.16666666666666666,2
5,18,37,0,0,0,1,15,3,0.0,0.4,0
4,12,34,0,0,1,0,12,0,0.0,0.0,1
3,12,25,0,0,1,1,9,2,0.3333333333333333,0.3333333333333333,1
2,8,11,0,0,0,0,6,2,0.0,0.5,0
1,10,10,0,0,0,0,3,0,0.0,0.0,1
1,5,5,0,0,0,0,3,1,1.0,1.0,0
2,8,10,0,0,0,0,6,2,0.0,0.5,0
3,21,24,1,0,0,0,9,0,0.0,0.0,0
4,11,21,0,0,0,1,12,3,0.5,0.25,0
5,20,45,0,1,0,1,15,3,0.0,0.4,2
6,28,45,0,1,0,0,18,0,0.0,0.0,3
7,30,65,2,0,0,0,21,4,0.42857142857142855,0.2857142857142857,0
7,14,51,0,2,0,1,21,0,0.0,0.0,1
6,23,41,0,0,0,0,18,4,0.5,0.3333333333333333,1
5,13,32,0,1,0,0,15,3,0.0,0.4,2
4,8,21,0,0,0,0,12,0,0.0,0.0,2
3,22,31,0,0,1,0,9,2,0.3333333333333333,0.3333333333333333,2
2,6,12,0,0,0,0,6,2,0.0,0.5,1
1,7,7,0,0,0,0,3,0,0.0,0.0,1
1,7,7,0,0,0,0,3,1,0.0,0.0,0
2,13,22,0,1,0,0,6,1,0.0,0.0,2
3,14,20,1,0,0,0,9,0,0.0,0.0,3
4,14,29,1,0,0,0,12,3,0.5,0.0,1
5,12,24,0,0,0,0,15,5,0.0,0.8,0
6,19,56,0,0,1,1,18,0,0.0,0.0,0
7,25,72,0,2,2,0,21,5,0.14285714285714285,0.5714285714285714,1
7,33,59,0,0,1,2,21,4,0.0,0.42857142857142855,0
6,19,46,0,1,0,0,18,0,0.0,0.0,2
5,12,36,0,0,1,0,15,3,0.2,0.4,0
4,17,39,0,0,1,0,12,4,0.0,0.75,0
3,24,24,0,0,0,1,9,0,0.0,0.0,3
2,10,15,0,0,0,0,6,2,0.5,0.0,1
1,6,6,0,0,0,0,3,1,0.0,0.0,1
1,9,9,0,0,0,0,3,0,0.0,0.0,1
2,9,12,0,0,0,0,6,2,0.5,0.5,0
3,13,21,0,0,0,0,9,3,0.0,0.6666666666666666,0
4,23,41,0,1,0,1,12,0,0.0,0.0,1
5,29,55,2,1,1,0,15,4,0.2,0.6,1
6,29,42,0,0,1,1,18,3,0.0,0.3333333333333333,4
7,23,58,0,1,1,1,21,0,0.0,0.0,3
7,27,61,1,0,0,0,21,4,0.42857142857142855,0.42857142857142855,1
6,21,48,0,0,0,2,18,4,0.0,0.5,1
5,30,44,1,0,0,0,15,0,0.0,0.0,5
4,21,46,0,1,2,0,12,3,0.25,0.5,2
3,32,32,1,0,0,0,9,3,0.0,0.6666666666666666,0
2,9,9,0,0,0,0,6,0,0.0,0.0,2
1,5,5,0,0,0,0,3,1,1.0,1.0,0
1,14,14,1,0,0,0,3,1,0.0,1.0,0
2,13,13,0,0,0,0,6,0,0.0,0.0,2
3,9,12,0,0,0,0,9,2,0.3333333333333333,0.3333333333333333,1
4,15,25,0,0,0,0,12,3,0.0,0.5,1
5,17,48,1,0,0,0,15,0,0.0,0.0,1
6,19,40,1,0,0,0,18,3,0.16666666666666666,0.3333333333333333,2
7,22,57,0,0,1,1,21,5,0.0,0.5714285714285714,1
7,31,51,0,0,1,0,21,0,0.0,0.0,0
6,14,38,0,0,1,0,18,4,0.5,0.16666666666666666,0
5,22,44,0,0,1,0,15,3,0.0,0.4,3
4,11,31,0,0,0,1,12,0,0.0,0.0,0
3,14,24,1,0,0,0,9,3,0.6666666666666666,0.3333333333333333,0
2,11,14,0,0,0,1,6,2,0.0,0.5,1
1,10,10,0,0,0,0,3,0,0.0,0.0,1
1,2,2,0,0,0,0,3,1,1.0,1.0,0
2,10,17,0,0,0,0,6,2,0.0,0.5,0
3,15,26,0,0,1,1,9,0,0.0,0.0,1
4,26,34,0,1,0,0,12,4,0.25,0.75,1
5,22,45,1,0,0,0,15,4,0.0,0.6,1
6,20,54,1,0,0,1,18,0,0.0,0.0,0
7,32,65,1,0,1,2,21,4,0.14285714285714285,0.42857142857142855,3
7,23,67,1,1,1,0,21,5,0.0,0.5714285714285714,1
7,30,74,1,0,2,2,21,0,0.0,0.0,3
6,25,45,0,1,0,0,18,4,0.5,0.5,1
5,13,34,0,0,0,0,15,3,0.0,0.4,2
4,14,35,0,1,1,0,12,0,0.0,0.0,0
3,13,29,0,2,0,0,9,3,0.6666666666666666,0.0,1
2,4,7,0,0,0,0,6,2,0.0,0.5,0
1,7,7,0,0,0,0,3,0,0.0,0.0,1
1,7,7,0,0,0,0,3,1,0.0,0.0,0
2,8,16,0,0,0,0,6,1,0.0,0.0,2
3,18,20,1,0,0,0,9,0,0.0,0.0,0
4,18,42,0,2,0,1,12,2,0.25,0.0,1
5,22,38,0,1,0,1,15,3,0.0,0.4,0
6,25,56,0,0,2,1,18,0,0.0,0.0,3
7,34,49,0,0,1,1,21,4,0.42857142857142855,0.42857142857142855,1
7,24,48,0,1,0,0,21,5,0.0,0.5714285714285714,0
6,12,30,0,0,0,0,18,0,0.0,0.0,0
5,18,39,0,0,1,1,15,3,0.2,0.4,0
4,11,19,0,0,0,0,12,3,0.0,0.5,0
3,12,16,0,0,0,0,9,0,0.0,0.0,0
2,9,9,0,0,0,0,6,2,0.5,0.5,0
1,10,10,0,0,0,0,3,1,0.0,1.0,0
1,7,7,0,0,0,0,3,0,0.0,0.0,1
2,11,21,0,0,0,1,6,2,0.5,0.5,0
3,12,19,0,0,0,0,9,2,0.0,0.3333333333333333,0
4,13,32,0,1,0,0,12,0,0.0,0.0,2
5,24,42,0,1,0,0,15,4,0.6,0.2,1
6,22,48,0,0,1,1,18,4,0.0,0.5,0
7,46,65,1,1,1,1,21,0,0.0,0.0,5
7,16,41,0,0,0,2,21,4,0.42857142857142855,0.42857142857142855,0
6,23,47,1,0,0,0,18,3,0.0,0.3333333333333333,3
5,9,28,0,0,0,0,15,0,0.0,0.0,0
4,25,48,1,0,1,2,12,4,0.5,0.75,0
3,10,20,0,0,0,0,9,2,0.0,0.3333333333333333,0
2,13,26,0,2,0,0,6,0,0.0,0.0,2
1,3,3,0,0,0,0,3,1,1.0,1.0,1
1,12,12,0,0,1,0,3,1,0.0,1.0,0
2,12,23,0,0,1,1,6,0,0.0,0.0,1
3,17,21,0,0,0,0,9,3,0.6666666666666666,0.3333333333333333,0
4,12,31,0,0,1,1,12,4,0.0,0.75,0
5,21,37,0,0,0,1,15,0,0.0,0.0,1
6,27,51,1,0,1,0,18,4,0.5,0.16666666666666666,1
7,16,43,0,0,0,0,21,5,0.0,0.5714285714285714,1
7,27,67,0,1,2,1,21,0,0.0,0.0,3
6,17,41,0,0,0,1,18,4,0.5,0.5,0
5,20,30,1,0,0,0,15,4,0.0,0.6,0
4,17,37,0,0,0,1,12,0,0.0,0.0,2
3,23,23,0,0,1,0,9,3,0.3333333333333333,0.6666666666666666,1
2,14,28,2,0,0,0,6,2,0.0,0.5,0
1,13,13,0,1,0,0,3,0,0.0,0.0,1
1,9,9,0,0,0,0,3,1,1.0,1.0,0
2,12,22,0,0,1,0,6,2,0.0,1.0,0
3,22,36,1,0,1,0,9,0,0.0,0.0,1
4,12,40,0,0,1,1,12,3,0.25,0.5,1
5,35,58,0,1,2,1,15,3,0.0,0.4,5
6,23,43,0,1,0,0,18,0,0.0,0.0,0
7,38,65,0,2,1,1,21,5,0.42857142857142855,0.5714285714285714,0
7,35,68,1,0,1,2,21,4,0.0,0.42857142857142855,4
6,28,51,0,0,1,0,18,0,0.0,0.0,2
5,26,44,1,0,0,1,15,3,0.2,0.4,0
4,23,35,0,0,1,0,12,3,0.0,0.5,3
3,19,19,0,0,1,0,9,0,0.0,0.0,1
2,13,13,0,0,0,0,6,2,0.5,0.5,2
1,6,6,0,0,0,0,3,1,0.0,1.0,0
1,14,14,1,0,0,0,3,0,0.0,0.0,1
2,14,19,1,0,0,0,6,2,0.5,0.5,0
7,32,53,0,0,1,1,21,0,0.0,0.0,1
6,21,50,1,0,0,1,18,4,0.5,0.3333333333333333,2
5,19,35,1,0,0,1,15,4,0.0,0.6,3
4,12,33,0,0,1,0,12,0,0.0,0.0,0
3,13,25,0,1,0,0,9,2,0.0,0.3333333333333333,1
2,14,17,1,0,0,0,6,2,0.0,1.0,1
1,14,14,1,0,0,0,3,0,0.0,0.0,1
1,2,2,0,0,0,0,3,1,0.0,1.0,0
2,13,13,0,0,0,0,6,2,0.0,0.5,0
3,12,23,0,0,1,0,9,0,0.0,0.0,2
4,23,39,1,1,0,0,12,3,0.5,0.25,1
5,19,44,0,0,1,1,15,4,0.0,0.6,0
6,15,40,0,0,0,0,18,0,0.0,0.0,3
7,27,60,1,0,1,0,21,5,0.42857142857142855,0.5714285714285714,1
7,24,60,0,2,0,1,21,6,0.0,0.7142857142857143,3
6,21,51,2,0,0,1,18,0,0.0,0.0,0
5,23,56,0,1,1,2,15,2,0.2,0.0,3
4,19,34,0,1,0,0,12,3,0.0,0.5,0
3,16,21,0,0,0,0,9,0,0.0,0.0,2
2,7,10,0,0,0,0,6,2,0.5,0.0,1
1,2,2,0,0,0,0,3,1,0.0,1.0,0
1,10,10,0,0,0,0,3,0,0.0,0.0,1
2,11,11,0,0,0,0,6,2,0.5,0.0,2
3,14,28,1,0,0,1,9,2,0.0,0.3333333333333333,1
4,13,30,0,1,0,0,12,0,0.0,0.0,1
7,33,49,1,0,0,1,21,0,0.0,0.0,0
6,20,52,1,0,1,0,18,3,0.0,0.3333333333333333,3
5,14,33,1,0,0,0,15,3,0.0,0.4,2
4,16,29,0,0,0,2,12,0,0.0,0.0,1
3,12,20,0,0,0,0,9,3,0.6666666666666666,0.0,1
2,13,21,0,1,0,0,6,2,0.0,1.0,1
1,6,6,0,0,0,0,3,0,0.0,0.0,1
1,7,7,0,0,0,0,3,1,0.0,0.0,0
2,8,11,0,0,0,0,6,2,0.0,0.5,0
3,25,29,0,1,1,0,9,0,0.0,0.0,2
4,27,32,0,1,0,0,12,3,0.5,0.0,0
5,17,40,0,0,0,0,15,3,0.0,0.4,2
6,27,44,0,1,0,0,18,0,0.0,0.0,0
7,25,56,1,0,1,1,21,3,0.14285714285714285,0.2857142857142857,4
7,21,45,0,0,1,1,21,3,0.0,0.2857142857142857,1
6,23,55,0,0,1,2,18,0,0.0,0.0,0
5,11,31,0,0,0,0,15,3,0.4,0.4,1
4,19,38,1,0,0,1,12,3,0.0,0.5,0
3,9,18,0,0,0,0,9,0,0.0,0.0,1
2,13,19,0,1,0,0,6,2,0.0,0.5,1
1,7,7,0,0,0,0,3,1,0.0,1.0,0
1,13,13,0,1,0,0,3,0,0.0,0.0,1
2,10,20,0,0,0,0,6,2,0.5,0.0,1
3,17,22,0,0,0,1,9,2,0.0,0.3333333333333333,0
4,11,20,0,0,0,0,12,0,0.0,0.0,0
5,11,36,0,0,0,1,15,4,0.6,0.2,0
6,24,49,1,0,0,0,18,3,0.0,0.3333333333333333,0
7,26,64,2,0,1,0,21,0,0.0,0.0,3
7,22,48,0,0,0,1,21,4,0.42857142857142855,0.2857142857142857,3
6,21,43,0,0,0,1,18,3,0.0,0.3333333333333333,3
5,19,30,0,0,0,0,15,0,0.0,0.0,0
4,15,34,1,0,0,0,12,2,0.0,0.25,1
3,17,26,0,1,0,0,9,3,0.0,0.6666666666666666,0
2,8,10,0,0,0,0,6,0,0.0,0.0,2
1,13,13,0,1,0,0,3,1,0.0,1.0,0
1,4,4,0,0,0,0,3,1,0.0,1.0,0
2,17,17,0,1,0,0,6,0,0.0,0.0,2
3,16,29,0,1,0,0,9,2,0.3333333333333333,0.0,1
4,8,14,0,0,0,0,12,3,0.0,0.5,0
5,21,45,0,0,0,2,15,0,0.0,0.0,0
6,27,47,1,1,0,0,18,4,0.5,0.5,1
7,19,56,0,0,2,0,21,4,0.0,0.42857142857142855,0
7,31,62,2,0,0,1,21,0,0.0,0.0,1
6,27,43,0,0,0,1,18,3,0.0,0.3333333333333333,0
5,10,34,0,0,0,0,15,3,0.0,0.4,1
4,14,25,0,0,0,0,12,0,0.0,0.0,0
3,17,28,1,0,0,1,9,2,0.0,0.3333333333333333,0
2,8,15,0,0,0,0,6,2,0.0,0.5,0
1,4,4,0,0,0,0,3,0,0.0,0.0,1
1,3,3,0,0,0,0,3,1,0.0,1.0,0
2,8,16,0,0,0,0,6,2,0.0,1.0,0
3,19,29,0,0,0,0,9,0,0.0,0.0,3
4,19,36,1,0,0,1,12,4,0.5,0.75,1
5,16,42,1,1,0,0,15,4,0.0,0.6,0
6,30,58,1,0,2,1,18,0,0.0,0.0,5
7,23,47,0,0,1,0,21,4,0.42857142857142855,0.2857142857142857,0
7,30,53,0,1,1,0,21,5,0.0,0.5714285714285714,0
6,27,58,1,1,1,1,18,0,0.0,0.0,3
5,27,45,1,0,0,0,15,2,0.0,0.2,4
4,19,30,0,0,0,0,12,4,0.0,0.75,1
3,14,25,1,0,0,0,9,0,0.0,0.0,3
2,12,18,0,0,1,0,6,2,0.0,0.5,0
1,4,4,0,0,0,0,3,1,0.0,0.0,0
1,6,6,0,0,0,0,3,0,0.0,0.0,0
2,10,15,0,0,0,0,6,2,0.5,0.0,1
3,10,17,0,0,0,0,9,3,0.0,0.6666666666666666,0
4,12,26,0,0,1,0,12,0,0.0,0.0,0
5,25,36,0,0,0,1,15,5,0.2,0.8,0
6,25,57,1,0,0,2,18,3,0.0,0.3333333333333333,1
7,16,43,0,0,0,0,21,0,0.0,0.0,0
7,13,46,0,1,0,0,21,4,0.2857142857142857,0.42857142857142855,3
6,27,69,2,2,0,0,18,3,0.0,0.3333333333333333,4
5,32,46,0,0,1,2,15,0,0.0,0.0,3
4,22,32,1,0,0,0,12,3,0.0,0.5,0
3,13,15,0,0,0,1,9,3,0.0,0.6666666666666666,1
2,13,13,0,0,0,0,6,0,0.0,0.0,2
1,10,10,0,0,0,0,3,1,1.0,0.0,1
1,14,14,1,0,0,0,3,1,0.0,1.0,0
2,14,23,1,0,0,0,6,0,0.0,0.0,2
3,6,16,0,0,0,0,9,2,0.3333333333333333,0.3333333333333333,0
4,22,28,0,0,1,0,12,3,0.0,0.5,2
5,14,47,0,1,0,0,15,0,0.0,0.0,3
6,27,73,1,2,1,1,18,4,0.16666666666666666,0.5,3
7,31,55,1,0,0,1,21,4,0.0,0.42857142857142855,4
7,18,46,1,1,0,0,21,0,0.0,0.0,2
6,16,45,0,0,0,1,18,4,0.5,0.3333333333333333,0
5,18,29,1,0,0,0,15,4,0.0,0.6,1
4,23,40,1,0,1,1,12,0,0.0,0.0,2
3,13,18,0,0,0,0,9,2,0.0,0.3333333333333333,0
2,10,19,0,0,0,0,6,2,0.0,0.5,1
1,14,14,1,0,0,0,3,0,0.0,0.0,1
1,8,8,0,0,0,0,3,1,0.0,0.0,0
2,7,12,0,0,0,0,6,1,0.0,0.0,1
3,18,30,0,0,1,0,9,0,0.0,0.0,3
4,14,31,1,0,0,0,12,2,0.25,0.0,1
5,23,53,0,0,2,1,15,3,0.0,0.4,2
6,25,53,1,0,0,2,18,0,0.0,0.0,1
7,30,63,1,0,1,0,21,5,0.42857142857142855,0.5714285714285714,1
7,28,60,1,1,0,1,21,5,0.0,0.5714285714285714,2
6,24,56,1,1,0,0,18,0,0.0,0.0,2
5,20,38,0,1,0,0,15,4,0.4,0.6,1
4,24,30,0,0,0,1,12,3,0.0,0.5,0
3,24,28,1,0,0,0,9,0,0.0,0.0,2
2,6,10,0,0,0,0,6,2,0.0,0.5,1
1,4,4,0,0,0,0,3,1,0.0,1.0,0
1,14,14,1,0,0,0,3,0,0.0,0.0,1
2,21,21,0,1,0,0,6,2,0.5,0.5,1
3,13,26,0,1,0,0,9,2,0.0,0.3333333333333333,0
4,13,30,0,1,0,0,12,0,0.0,0.0,1
5,27,43,0,0,1,2,15,4,0.2,0.6,0
6,22,64,0,3,0,0,18,5,0.0,0.6666666666666666,0
7,33,74,3,0,1,0,21,0,0.0,0.0,3
7,36,74,2,1,1,0,21,4,0.2857142857142857,0.42857142857142855,4
6,19,48,0,0,1,1,18,3,0.0,0.3333333333333333,1
5,23,53,0,2,1,0,15,0,0.0,0.0,1
4,15,27,0,0,0,1,12,3,0.25,0.5,1
3,16,22,0,1,0,0,9,3,0.0,0.6666666666666666,0
2,11,19,0,0,0,1,6,0,0.0,0.0,1
1,12,12,0,0,1,0,3,1,0.0,0.0,0
1,4,4,0,0,0,0,3,1,0.0,1.0,0
2,12,21,0,0,1,0,6,0,0.0,0.0,0
3,13,15,0,0,0,1,9,2,0.3333333333333333,0.0,0
4,14,28,1,0,0,0,12,3,0.0,0.5,1
5,28,40,0,1,0,0,15,0,0.0,0.0,4
6,26,50,0,1,1,0,18,4,0.5,0.16666666666666666,2
7,15,35,0,0,1,0,21,5,0.0,0.5714285714285714,0
7,18,41,0,0,0,1,21,0,0.0,0.0,0
6,22,45,0,0,1,0,18,3,0.3333333333333333,0.3333333333333333,0
5,12,27,0,0,0,0,15,3,0.0,0.4,0
4,19,34,0,0,0,0,12,0,0.0,0.0,0
3,13,29,0,2,0,0,9,2,0.3333333333333333,0.0,0
2,11,19,0,0,0,1,6,2,0.0,1.0,0
1,13,13,0,1,0,0,3,0,0.0,0.0,1
1,2,2,0,0,0,0,3,1,0.0,0.0,0
2,7,12,0,0,0,0,6,2,0.0,0.5,0
3,19,25,0,0,1,0,9,0,0.0,0.0,0
4,14,30,0,0,0,1,12,3,0.5,0.0,0
5,16,35,0,0,0,1,15,4,0.0,0.6,1
6,14,30,0,0,0,0,18,0,0.0,0.0,0
7,23,69,0,1,1,1,21,5,0.42857142857142855,0.5714285714285714,1
7,17,51,0,1,0,0,21,4,0.0,0.42857142857142855,3
6,31,57,1,0,1,1,18,0,0.0,0.0,6
5,11,27,0,0,0,0,15,3,0.0,0.4,3
4,30,30,1,0,0,0,12,2,0.0,0.25,0
3,19,33,1,0,0,1,9,0,0.0,0.0,3
2,13,24,0,1,0,1,6,1,0.0,0.0,2
1,4,4,0,0,0,0,3,1,0.0,1.0,0
1,10,10,0,0,0,0,3,0,0.0,0.0,0
2,13,20,0,1,0,0,6,2,0.5,0.0,1
3,12,24,0,0,1,0,9,3,0.0,0.6666666666666666,0
4,23,44,0,1,1,1,12,0,0.0,0.0,0
5,25,53,1,1,1,0,15,4,0.6,0.6,0
6,20,44,0,0,0,1,18,3,0.0,0.3333333333333333,0
7,18,40,0,0,0,0,21,0,0.0,0.0,0
7,22,57,1,0,1,0,21,5,0.2857142857142857,0.5714285714285714,1
6,19,50,1,1,0,1,18,5,0.0,0.6666666666666666,2
5,13,37,0,1,1,0,15,0,0.0,0.0,0
4,11,20,0,0,0,1,12,4,0.75,0.0,1
3,14,26,0,0,1,1,9,2,0.0,0.3333333333333333,0
2,11,17,0,0,0,1,6,0,0.0,0.0,0
1,2,2,0,0,0,0,3,1,0.0,0.0,0
1,14,14,1,0,0,0,3,1,0.0,0.0,1
2,12,17,0,0,1,0,6,0,0.0,0.0,2
3,13,25,0,1,0,0,9,2,0.3333333333333333,0.0,2
4,11,23,0,0,0,0,12,3,0.0,0.5,0
5,19,35,0,0,1,0,15,0,0.0,0.0,0
6,30,47,0,0,0,1,18,4,0.5,0.16666666666666666,2
7,21,62,0,1,0,2,21,4,0.0,0.42857142857142855,1
7,19,48,0,0,1,0,21,0,0.0,0.0,0
6,18,42,1,0,0,0,18,3,0.3333333333333333,0.3333333333333333,1
5,22,41,1,0,0,0,15,4,0.0,0.6,0
4,14,31,1,0,0,0,12,0,0.0,0.0,0
3,20,26,0,1,0,0,9,2,0.3333333333333333,0.0,1
2,18,18,0,0,0,1,6,2,0.0,0.5,0
1,5,5,0,0,0,0,3,0,0.0,0.0,1
1,7,7,0,0,0,0,3,1,0.0,0.0,0
2,14,17,1,0,0,0,6,2,0.0,0.5,1
3,14,28,1,0,0,0,9,0,0.0,0.0,2
4,18,31,0,0,0,1,12,3,0.5,0.25,0
5,27,38,0,0,0,2,15,4,0.0,0.6,2
6,30,46,1,0,0,0,18,0,0.0,0.0,1
7,19,52,0,2,0,0,21,5,0.14285714285714285,0.5714285714285714,2
7,17,50,0,0,1,0,21,4,0.0,0.42857142857142855,1
6,19,47,0,1,1,0,18,0,0.0,0.0,3
5,21,48,1,0,0,1,15,3,0.2,0.4,1
4,15,28,0,1,0,0,12,3,0.0,0.5,0
3,11,18,0,0,0,1,9,0,0.0,0.0,1
2,13,24,0,1,0,1,6,1,0.0,0.0,2
1,5,5,0,0,0,0,3,1,0.0,1.0,0
1,8,8,0,0,0,0,3,0,0.0,0.0,1
2,12,18,0,0,1,0,6,2,0.5,0.0,2
3,13,17,0,1,0,0,9,3,0.0,1.0,0
4,16,36,0,2,0,0,12,0,0.0,0.0,1
5,25,37,0,0,0,0,15,5,0.2,0.8,0
6,14,36,1,0,0,0,18,3,0.0,0.3333333333333333,1
7,28,52,0,1,0,0,21,0,0.0,0.0,2
7,29,56,0,2,1,0,21,3,0.2857142857142857,0.2857142857142857,2
6,20,45,1,0,0,0,18,3,0.0,0.3333333333333333,1
5,14,47,1,0,0,1,15,0,0.0,0.0,3
4,14,32,1,0,0,0,12,2,0.25,0.0,1
3,9,22,0,0,0,0,9,2,0.0,0.3333333333333333,0
2,5,10,0,0,0,0,6,0,0.0,0.0,0
1,2,2,0,0,0,0,3,1,0.0,1.0,0
1,10,10,0,0,0,0,3,1,0.0,1.0,0
2,11,15,0,0,0,1,6,0,0.0,0.0,1
3,12,30,0,0,1,1,9,2,0.3333333333333333,0.3333333333333333,2
4,13,36,0,1,0,1,12,4,0.0,0.75,0
5,14,29,0,0,0,1,15,0,0.0,0.0,0
6,23,39,1,0,0,0,18,4,0.5,0.5,0
7,25,65,1,2,1,0,21,3,0.0,0.2857142857142857,4
7,17,53,1,0,1,0,21,0,0.0,0.0,0
6,16,35,0,0,0,0,18,5,0.16666666666666666,0.6666666666666666,0
5,11,28,0,0,0,0,15,4,0.0,0.6,0
4,16,27,0,0,0,0,12,0,0.0,0.0,0
3,19,33,1,0,0,0,9,3,0.6666666666666666,0.0,1
2,14,14,0,0,0,1,6,2,0.0,0.5,0
1,11,11,0,0,0,1,3,0,0.0,0.0,1
1,3,3,0,0,0,0,3,1,0.0,1.0,0
2,7,10,0,0,0,0,6,2,0.0,0.5,0
3,14,21,1,0,0,0,9,0,0.0,0.0,3
4,14,42,2,0,0,1,12,3,0.0,0.5,1
5,24,52,1,0,0,1,15,5,0.0,0.8,0
6,25,61,0,2,1,1,18,0,0.0,0.0,5
7,32,71,2,1,0,1,21,4,0.42857142857142855,0.2857142857142857,3
7,33,52,1,0,0,0,21,4,0.0,0.42857142857142855,3
6,19,39,0,1,0,0,18,0,0.0,0.0,2
5,26,56,1,2,1,0,15,2,0.0,0.2,2
4,19,38,1,0,0,0,12,4,0.0,1.0,2
3,24,32,0,1,0,1,9,0,0.0,0.0,3
2,11,18,0,0,0,1,6,2,0.0,0.5,0
1,10,10,0,0,0,0,3,1,0.0,1.0,0
1,7,7,0,0,0,0,3,0,0.0,0.0,1
2,12,12,0,0,0,0,6,1,0.0,0.0,1
3,9,18,0,0,0,0,9,2,0.0,0.3333333333333333,1
4,30,42,0,0,2,0,12,0,0.0,0.0,3
5,20,42,0,0,0,1,15,4,0.6,0.0,1
6,25,61,2,0,0,2,18,3,0.0,0.3333333333333333,1
7,23,50,0,1,0,1,21,0,0.0,0.0,1
7,31,61,1,0,1,2,21,4,0.14285714285714285,0.42857142857142855,1
6,24,46,0,1,0,1,18,5,0.0,0.6666666666666666,0
5,21,49,1,0,1,0,15,0,0.0,0.0,2
4,17,20,0,0,0,0,12,4,0.25,0.75,0
3,22,33,0,0,1,1,9,2,0.0,0.3333333333333333,0
2,14,19,1,0,0,0,6,0,0.0,0.0,2
1,11,11,0,0,0,1,3,1,0.0,1.0,0
1,13,13,0,1,0,0,3,1,0.0,1.0,0
2,14,28,2,0,0,0,6,0,0.0,0.0,2
3,11,18,0,0,0,1,9,2,0.3333333333333333,0.3333333333333333,0
4,13,33,0,1,1,0,12,3,0.0,0.5,1
5,21,36,0,2,0,0,15,0,0.0,0.0,0
6,18,41,1,0,0,0,18,5,0.5,0.6666666666666666,1
7,21,57,1,0,0,2,21,4,0.0,0.42857142857142855,0
7,32,77,1,1,1,0,21,0,0.0,0.0,5
6,17,34,0,0,0,0,18,4,0.5,0.0,0
5,17,31,0,0,0,1,15,4,0.0,0.6,1
4,23,42,0,2,0,0,12,0,0.0,0.0,1
3,14,33,1,0,0,1,9,2,0.0,0.3333333333333333,3
2,3,5,0,0,0,0,6,2,0.0,0.5,0
1,2,2,0,0,0,0,3,0,0.0,0.0,1
1,3,3,0,0,0,0,3,1,1.0,0.0,0
2,18,18,0,0,0,0,6,2,0.0,1.0,0
3,13,23,0,0,0,0,9,0,0.0,0.0,0
4,24,46,1,1,0,1,12,2,0.25,0.0,0
5,13,34,0,0,0,0,15,4,0.0,0.6,0
6,24,44,0,1,0,1,18,0,0.0,0.0,0
7,18,43,0,0,0,0,21,4,0.2857142857142857,0.42857142857142855,2
7,20,48,1,0,0,1,21,5,0.0,0.5714285714285714,2
6,27,45,1,0,1,0,18,0,0.0,0.0,1
5,21,37,1,0,0,0,15,5,0.4,0.8,2
4,15,27,0,0,0,0,12,3,0.0,0.5,1
3,15,27,0,0,1,0,9,0,0.0,0.0,1
2,13,20,0,1,0,0,6,2,0.0,0.5,1
1,5,5,0,0,0,0,3,1,0.0,1.0,0
1,10,10,0,0,0,0,3,0,0.0,0.0,1
2,22,22,0,0,1,0,6,2,0.5,0.5,0
3,14,21,1,0,0,0,9,3,0.0,0.6666666666666666,0
4,11,23,0,0,0,0,12,0,0.0,0.0,2
5,14,30,0,0,0,0,15,4,0.6,0.4,0
6,22,41,0,1,0,0,18,5,0.0,0.6666666666666666,0
7,25,63,0,0,0,2,21,0,0.0,0.0,5
7,19,47,0,0,1,0,21,5,0.14285714285714285,0.5714285714285714,1
6,30,61,1,1,1,0,18,3,0.0,0.3333333333333333,1
5,14,32,0,0,0,0,15,0,0.0,0.0,1
4,22,37,1,1,0,0,12,2,0.25,0.0,3
3,21,28,0,0,1,0,9,3,0.0,0.6666666666666666,2
2,9,12,0,0,0,0,6,0,0.0,0.0,0
1,2,2,0,0,0,0,3,1,0.0,0.0,0
1,4,4,0,0,0,0,3,1,0.0,1.0,0
2,12,16,0,0,1,0,6,0,0.0,0.0,2
3,11,11,0,0,0,0,9,2,0.3333333333333333,0.0,0
4,30,43,1,1,1,0,12,3,0.0,0.5,0
5,21,41,1,1,0,0,15,0,0.0,0.0,0
6,25,39,0,0,0,1,18,3,0.0,0.3333333333333333,2
7,47,62,1,1,0,1,21,4,0.0,0.42857142857142855,5
7,15,48,0,1,1,0,21,0,0.0,0.0,2
6,22,40,0,0,0,0,18,3,0.16666666666666666,0.3333333333333333,0
5,24,33,0,0,0,1,15,4,0.0,0.6,0
4,20,32,1,0,0,0,12,0,0.0,0.0,1
3,11,23,0,0,0,1,9,2,0.3333333333333333,0.0,2
2,22,22,0,0,1,0,6,2,0.0,0.5,0
1,2,2,0,0,0,0,3,0,0.0,0.0,0
1,9,9,0,0,0,0,3,1,0.0,1.0,0
2,10,12,0,0,0,0,6,2,0.0,0.5,0
3,19,25,1,0,0,0,9,0,0.0,0.0,3
4,38,38,1,0,0,1,12,1,0.0,0.0,4
5,31,42,0,0,0,1,15,3,0.0,0.4,0
6,16,39,0,0,0,0,18,0,0.0,0.0,0
7,28,57,1,1,0,0,21,4,0.42857142857142855,0.2857142857142857,1
7,14,27,0,0,0,0,21,5,0.0,0.5714285714285714,0
6,32,53,1,0,0,1,18,0,0.0,0.0,4
5,24,52,2,1,0,0,15,3,0.2,0.4,2
4,17,34,0,0,0,1,12,4,0.0,1.0,1
3,7,11,0,0,0,0,9,0,0.0,0.0,0
2,11,21,0,0,0,1,6,2,0.0,1.0,0
1,10,10,0,0,0,0,3,1,0.0,1.0,0
1,2,2,0,0,0,0,3,0,0.0,0.0,0
2,12,19,0,0,1,0,6,2,0.5,0.0,1
3,15,19,0,1,0,0,9,2,0.0,0.3333333333333333,1
4,18,34,1,0,0,1,12,0,0.0,0.0,2
5,19,45,0,1,0,2,15,4,0.6,0.6,0
6,23,63,0,1,2,1,18,3,0.0,0.3333333333333333,2
7,17,47,0,0,0,1,21,0,0.0,0.0,2
7,19,39,0,0,0,0,21,3,0.2857142857142857,0.2857142857142857,1
6,28,56,0,0,1,2,18,5,0.0,0.6666666666666666,0
5,28,41,1,0,1,0,15,0,0.0,0.0,3
4,22,43,0,1,0,1,12,2,0.25,0.25,0
3,22,32,0,0,1,0,9,3,0.0,1.0,0
2,11,13,0,0,0,1,6,0,0.0,0.0,0
1,6,6,0,0,0,0,3,1,0.0,1.0,0
1,4,4,0,0,0,0,3,1,0.0,1.0,0
2,10,17,0,0,0,0,6,0,0.0,0.0,0
3,17,23,0,1,0,0,9,3,0.6666666666666666,0.0,0
4,18,36,1,0,0,1,12,2,0.0,0.25,1
5,30,45,1,2,0,0,15,0,0.0,0.0,0
6,25,36,1,0,0,1,18,4,0.5,0.3333333333333333,2
7,28,64,0,0,2,2,21,3,0.0,0.2857142857142857,4
7,14,31,0,0,0,0,21,0,0.0,0.0,0
6,24,47,1,0,1,0,18,4,0.5,0.3333333333333333,0
5,13,36,0,1,0,0,15,5,0.0,0.8,1
4,13,28,0,0,0,0,12,0,0.0,0.0,0
3,7,17,0,0,0,0,9,2,0.0,0.3333333333333333,2
2,14,19,1,0,0,0,6,2,0.0,0.5,1
1,14,14,1,0,0,0,3,0,0.0,0.0,1
1,14,14,1,0,0,0,3,1,0.0,0.0,0
2,10,18,0,0,0,0,6,2,0.0,0.5,1
3,18,31,1,1,0,0,9,0,0.0,0.0,3
4,23,42,0,0,1,2,12,2,0.25,0.25,0
5,24,45,1,0,0,1,15,4,0.0,0.6,4
6,25,40,0,0,2,0,18,0,0.0,0.0,0
7,31,70,1,1,1,1,21,4,0.42857142857142855,0.2857142857142857,3
7,19,46,0,2,0,0,21,4,0.0,0.42857142857142855,3
6,33,49,1,0,0,1,18,0,0.0,0.0,1
5,18,33,0,1,0,0,15,5,0.4,0.8,2
4,21,49,2,0,0,1,12,3,0.0,0.5,3
3,14,18,0,0,1,0,9,0,0.0,0.0,0
2,14,17,1,0,0,0,6,2,0.0,0.5,2
1,11,11,0,0,0,1,3,1,0.0,1.0,0
1,3,3,0,0,0,0,3,0,0.0,0.0,0
2,13,23,0,1,0,0,6,2,0.5,0.0,2
3,11,26,0,0,0,1,9,3,0.0,0.6666666666666666,0
4,18,22,0,0,0,0,12,0,0.0,0.0,3
5,19,42,0,1,0,1,15,4,0.0,0.6,2
6,12,29,0,0,0,0,18,3,0.0,0.3333333333333333,0
7,23,40,0,0,1,0,21,0,0.0,0.0,1
7,24,51,0,0,0,2,21,3,0.0,0.2857142857142857,5
6,22,44,0,0,1,0,18,3,0.0,0.3333333333333333,4
5,21,37,0,1,0,1,15,0,0.0,0.0,0
4,15,32,1,0,0,0,12,3,0.0,0.5,0
3,11,26,0,0,0,1,9,2,0.0,0.3333333333333333,1
2,13,15,0,1,0,0,6,0,0.0,0.0,1
1,4,4,0,0,0,0,3,1,1.0,0.0,0
1,9,9,0,0,0,0,3,1,0.0,1.0,0
2,17,17,0,0,0,0,6,0,0.0,0.0,1
3,14,27,1,0,0,1,9,2,0.3333333333333333,0.0,0
4,23,45,2,0,0,0,12,3,0.0,0.5,1
5,15,30,0,0,0,0,15,0,0.0,0.0,3
6,21,45,0,0,1,1,18,5,0.16666666666666666,0.6666666666666666,4
7,36,58,1,1,1,0,21,3,0.0,0.2857142857142857,1
7,24,60,0,1,0,2,21,0,0.0,0.0,3
6,23,47,1,0,1,0,18,3,0.3333333333333333,0.3333333333333333,3
5,20,39,0,1,0,1,15,3,0.0,0.4,1
4,22,37,0,2,0,0,12,0,0.0,0.0,1
3,10,26,0,0,0,0,9,3,0.3333333333333333,1.0,0
2,7,10,0,0,0,0,6,2,0.0,0.5,0
1,8,8,0,0,0,0,3,0,0.0,0.0,1
1,9,9,0,0,0,0,3,1,0.0,0.0,0
2,8,13,0,0,0,0,6,1,0.0,0.0,1
3,22,30,0,1,0,0,9,0,0.0,0.0,3
4,22,44,0,0,1,2,12,2,0.25,0.25,2
5,30,41,0,0,1,1,15,4,0.0,0.6,0
6,31,61,0,1,2,1,18,0,0.0,0.0,6
7,24,70,1,2,0,1,21,3,0.2857142857142857,0.2857142857142857,2
7,26,64,2,0,1,1,21,5,0.0,0.5714285714285714,0
6,28,52,0,2,1,0,18,0,0.0,0.0,0
5,21,33,0,0,0,0,15,3,0.0,0.4,0
4,19,34,0,1,0,1,12,4,0.0,1.0,1
3,14,38,1,1,0,1,9,0,0.0,0.0,1
2,11,22,0,0,0,2,6,1,0.0,0.0,1
1,4,4,0,0,0,0,3,1,0.0,0.0,0
1,13,13,0,1,0,0,3,0,0.0,0.0,1
2,11,15,0,0,0,1,6,2,0.5,0.0,1
3,18,22,1,0,0,0,9,3,0.0,0.6666666666666666,0
4,24,49,1,1,0,2,12,0,0.0,0.0,4
5,21,41,0,0,0,1,15,4,0.4,0.6,1
6,33,51,1,0,0,1,18,5,0.0,0.6666666666666666,0
7,37,62,1,0,0,1,21,0,0.0,0.0,3
7,27,48,1,0,0,0,21,3,0.14285714285714285,0.2857142857142857,3
6,18,42,0,1,0,0,18,4,0.0,0.5,3
5,15,36,0,0,0,0,15,0,0.0,0.0,1
4,9,27,0,0,0,0,12,1,0.0,0.0,1
3,13,28,0,1,0,1,9,3,0.0,0.6666666666666666,1
2,9,16,0,0,0,0,6,0,0.0,0.0,2
1,9,9,0,0,0,0,3,1,0.0,0.0,0
1,11,11,0,0,0,1,3,1,0.0,1.0,0
2,14,28,2,0,0,0,6,0,0.0,0.0,2
3,14,22,0,0,0,0,9,2,0.3333333333333333,0.3333333333333333,2
4,16,33,0,0,0,0,12,4,0.0,0.75,0
5,21,46,1,0,1,0,15,0,0.0,0.0,3
6,30,55,0,1,0,1,18,3,0.3333333333333333,0.16666666666666666,2
7,18,50,0,0,0,1,21,5,0.0,0.5714285714285714,2
7,20,50,0,1,0,1,21,0,0.0,0.0,0
6,27,53,1,1,0,0,18,4,0.5,0.3333333333333333,1
5,24,47,2,0,0,0,15,5,0.0,0.8,1
4,10,25,0,0,0,0,12,0,0.0,0.0,1
3,12,17,0,0,0,0,9,3,0.0,0.6666666666666666,1
2,4,7,0,0,0,0,6,1,0.0,0.0,0
1,12,12,0,0,1,0,3,0,0.0,0.0,0
1,14,14,1,0,0,0,3,1,0.0,0.0,1
2,12,14,0,0,1,0,6,2,0.0,0.5,1
3,13,21,0,1,0,0,9,0,0.0,0.0,0
4,16,32,0,0,0,0,12,3,0.25,0.5,2
5,16,33,0,0,0,0,15,3,0.0,0.4,0
6,15,38,0,1,0,0,18,0,0.0,0.0,1
7,22,57,0,1,0,1,21,4,0.42857142857142855,0.0,4
7,26,55,1,1,1,0,21,4,0.0,0.42857142857142855,3
6,19,45,0,0,1,0,18,0,0.0,0.0,1
5,21,39,0,1,0,0,15,4,0.2,0.6,1
4,16,34,0,0,0,2,12,4,0.0,0.75,0
3,14,30,1,1,0,0,9,0,0.0,0.0,1
2,10,15,0,0,0,0,6,2,0.5,0.0,0
1,4,4,0,0,0,0,3,1,0.0,1.0,0
1,9,9,0,0,0,0,3,0,0.0,0.0,1
2,7,13,0,0,0,0,6,1,0.0,0.0,1
3,18,22,0,0,0,0,9,2,0.0,0.3333333333333333,0
4,16,41,0,1,1,0,12,0,0.0,0.0,0
5,16,38,0,1,0,1,15,2,0.2,0.2,3
6,36,51,1,1,0,0,18,3,0.0,0.3333333333333333,2
7,13,33,0,0,0,0,21,0,0.0,0.0,0
7,24,56,0,1,1,0,21,0,0.0,0.0,2
6,12,44,0,0,1,0,18,4,0.5,0.0,1
5,25,45,1,0,1,1,15,5,0.0,0.8,1
4,11,29,0,0,0,1,12,0,0.0,0.0,1
3,13,30,0,1,0,0,9,2,0.0,0.3333333333333333,1
2,9,15,0,0,0,0,6,2,0.0,0.5,0
1,13,13,0,1,0,0,3,0,0.0,0.0,1
1,14,14,1,0,0,0,3,1,0.0,0.0,0
7,23,47,0,1,0,0,21,2,0.14285714285714285,0.0,2
6,26,42,0,0,0,1,18,0,0.0,0.0,0
5,23,40,0,0,1,1,15,4,0.0,0.6,1
4,23,34,0,0,1,1,12,1,0.0,0.0,0
3,23,25,0,1,0,0,9,0,0.0,0.0,0
2,23,23,1,0,0,0,6,2,0.5,0.5,0
1,4,4,0,0,0,0,3,1,0.0,0.0,1
1,8,8,0,0,0,0,3,0,0.0,0.0,1
2,11,13,0,0,0,1,6,2,0.0,1.0,0
3,19,23,0,0,0,1,9,2,0.3333333333333333,0.0,0
4,11,24,0,0,0,0,12,0,0.0,0.0,0
5,30,48,1,2,0,0,15,4,0.2,0.6,2
6,36,51,0,2,1,0,18,4,0.5,0.0,0
7,26,51,1,0,0,0,21,0,0.0,0.0,1
7,25,58,0,0,1,1,21,4,0.14285714285714285,0.42857142857142855,3
